id,expression
AB001516_at,4.348450457
AB003731_f_at,9.263387271
AB003732_f_at,9.537261776
AB004109_at,5.845782709
AB006130_at,4.408673108
AB007021_at,3.92297885
AB007622_at,5.134554637
AB014875_at,6.071061149
AB015640_at,3.804138605
AB016530_at,5.048169042
AB016930_at,6.345979352
AB017263_at,6.348649281
AB017635_at,4.638670451
AB020230_at,4.444254491
AB020230-rc_at,3.125026354
AB020232_s_at,4.150874962
AB020232_x_at,3.918087088
AB020233_at,3.907649779
AB022191_at,4.764866631
AB024425_at,5.209303575
AB027759_at,5.300165824
AB028235_at,2.906873443
AB028497_at,5.321588768
AB028636_at,4.689149792
AB028638_at,4.596086908
AB033705_at,5.230989669
AB035211_at,3.975926402
AB035308_at,5.020271934
AB041733_at,4.105210931
AB045204_at,6.448178831
AB046957_at,3.921301794
AB046958_x_at,4.426936019
AB048195_at,4.905614149
AB056121_at,4.575064733
AB056577_x_at,5.934783907
AB059273_at,2.787241098
AB065000_s_at,6.16954185
AC000023_at,3.547673325
AC084885_at,4.716365249
AF000358_at,3.919634605
AF000359_at,3.981332362
AF004368_at,6.967586439
AF004814_at,6.826900083
AF004830_at,6.016949713
AF004831_at,5.971247872
AF005245_at,4.654303325
AF017636_at,4.639653367
AF019611_at,3.616111306
AF019995_at,4.642264046
AF019997_at,3.257109262
AF019998_at,2.587128429
AF020767_at,4.01853351
AF020900_at,4.635487974
AF022938_x_at,5.631334058
AF022941_x_at,7.618400738
AF022942_at,6.314029016
AF022944_at,4.262364148
AF022945-rc_f_at,5.813440573
AF022945-rc_x_at,6.517516575
AF028017_at,5.088690558
AF030413_at,6.460595003
AF030865_x_at,2.374979224
AF030866_at,4.033761067
AF031656_at,4.589461653
AF033012_at,6.199189309
AF033379_f_at,3.501921472
AF034203_at,5.410248959
AF034482_at,3.349272994
AF039202_at,5.291607606
AF043911_at,2.525498825
AF046210_at,3.698758919
AF046211_at,4.530664109
AF046212_at,3.946033042
AF046870_at,6.416364981
AF046919_at,4.839929195
AF047166_x_at,4.239452127
AF049346_at,4.865567816
AF052838_x_at,4.570832921
AF052840_x_at,5.02597407
AF052846_f_at,4.565575232
AF055671_at,5.384419892
AF056934_at,8.099334004
AF061256_at,5.323290929
AF061881_at,4.17048227
AF063903_f_at,4.017858447
AF063903_x_at,5.076232848
AF070917_at,4.846439681
AF070995_at,4.370907927
AF071553_x_at,3.59344538
AF072727_at,6.896456304
AF078105_at,5.803534605
AF080001_at,6.724470137
AF081139_x_at,4.661250758
AF081140_at,9.822295018
AF081141_at,5.288257091
AF081142_at,10.85578715
AF081143_at,11.43916128
AF090422_at,5.036576094
AF090449_at,5.575502547
AF092100_at,5.176241643
AF093673_at,6.177125839
AF097940_at,4.713727157
AF097941_f_at,4.933815979
AF097941_x_at,5.447649544
AF100413_at,8.587547147
AF100706_at,10.25369271
AF100738_at,8.030079758
AF104239_at,4.70406806
AF104240_at,4.619840367
AF104241_at,4.80533827
AF104242_at,5.633221749
AF106914_at,4.068189156
AF106915_at,6.636849276
AF110498_at,6.227456275
AF113614_at,4.502651677
AF115410_s_at,6.786121632
AF115410_x_at,6.604630028
AF116857_at,5.519983033
AF120325_f_at,7.949552547
AF120325_x_at,5.444341832
AF121895_at,6.761851076
AF122822_at,2.779377312
AF125191_at,5.007355661
AF126487_at,4.884426276
AF127523_at,5.067178954
AF133045_at,4.346762457
AF133046_f_at,7.940511024
AF133046_x_at,4.609119319
AF133047_x_at,2.400565738
AF133048_at,3.691647688
AF134594_at,4.638663933
AF141657_at,7.156714064
AF144573_at,5.68900109
AF149011_at,4.478965586
AF149012_at,4.870585405
AF153676_at,5.151622188
AF155144_at,4.945470985
AF155145_at,5.190478491
AF157566_at,5.111136307
AF172992_at,6.534120348
AF176577_at,4.061371687
AF180918_at,6.443179555
AF181258_at,5.815937907
AF182744_at,4.637981757
AF190271_x_at,4.686541989
AF193761_at,3.421285538
AF212039_at,5.37418714
AF218213_at,4.60366675
AF218725_at,5.983134439
AF220495_at,4.963600186
AF221505_at,5.650081773
AF221841_at,10.20178008
AF221928_at,4.968823649
AF230460_x_at,2.015106018
AF238445_at,3.124576192
AF242536_at,6.033783411
AF249882_at,5.350514081
AF250376_at,5.567519214
AF250376_g_at,6.426956103
AF252858_at,5.678815023
AF254572_at,4.45077467
AF254573_at,5.947486144
AF260254_at,5.27283891
AF260753_at,6.992923473
AF271264_at,5.911750839
AF271265_at,4.135312866
AF271694_at,5.664812805
AF281019_at,5.303712476
AF283504_x_at,7.464724841
AF284085_at,4.439055867
AF284086_at,3.615054835
AF284087_x_at,4.904614227
AF284088_at,4.316730094
AF284089_f_at,7.99226623
AF284089_x_at,3.357857481
AF284090_s_at,6.343887816
AF284090_x_at,4.883347598
AF284091_f_at,6.024336364
AF284091_x_at,3.143543277
AF284092_s_at,6.445236925
AF284092_x_at,3.820224353
AF288468_at,5.25707789
AF291998_at,6.874592971
AF292400_at,4.286434945
AF298187_at,3.906259029
AF298188_at,4.989047002
AF299335_at,6.258617932
AF306648_at,4.750122934
AF306662_at,4.867069051
AF306800_at,3.793499425
AF306801_x_at,2.048920682
AF306802_at,3.131074926
AF307317_at,4.500341294
AF307318_at,4.01221259
AF307319_at,3.360614573
AF307321_at,5.117798755
AF307847_at,4.158737567
AF308634_at,5.323712583
AF314658_x_at,3.021688105
AF314660_x_at,5.541265742
AF314661_at,5.746992138
AF315291_x_at,5.890593541
AF318896_at,3.896505917
AF320819_at,8.582448792
AF321216_at,3.24244233
AF321217_at,4.936848807
AF321218_at,3.4151228
AF323965_at,4.650796813
AF325501_at,3.862554975
AF327897_at,4.009424242
AF329455_at,4.486155456
AF334110_at,5.384210257
AF336045_at,6.454937191
AF345330_at,4.965926663
AF345331_at,4.746149241
AF351131_at,3.805763451
AF356542_at,3.954437554
AF371372_at,4.237418593
AF371373_at,5.112786277
AF380301_at,4.194715381
AF380341_at,6.201278756
AF380348_at,5.174328521
AF393639_at,4.073752105
AF414605_at,5.25275796
AJ000678_at,3.972332414
AJ003143_at,3.850685794
AJ003192_at,3.979639233
AJ009566_at,5.266297151
AJ009567_at,4.952959458
AJ009568_at,3.77497331
AJ009569_x_at,3.674618901
AJ009938_at,3.254528255
AJ009938-rc_at,3.784515537
AJ132914_at,3.669632177
AJ223076_at,4.828810835
AJ223950_at,5.244720367
AJ225170_f_at,3.842687561
AJ225170_x_at,2.655300113
AJ242835_at,4.49657819
AJ245699_at,5.035735619
AJ245700_at,4.756888959
AJ251361_at,4.565403701
AJ286821_at,5.34719583
AJ291438_at,4.419603543
AJ298842_at,6.373138762
AJ299085_at,4.74142769
AJ302037_at,4.90355413
AJ303074_at,9.027809504
AJ401300_at,4.29882318
AJ401301_at,6.930736435
AJ401302_at,3.813630316
AY007214_at,4.372886177
AY007988_at,4.61036795
AY007989_at,3.414977949
AY011213_at,4.710528266
AY011463_at,4.341260505
AY011521_x_at,4.598061135
AY011581_at,5.020036534
AY011645_at,5.016870673
AY011768_at,2.948656501
AY011885_at,4.508068698
AY011942_at,4.478925852
AY012002_at,3.909642901
AY012055_at,3.958991685
AY029606_f_at,3.190967164
AY029611_f_at,3.193523405
AY038070_x_at,5.275287355
AY040534_at,4.399718883
AY046321_at,5.116565113
BI431000_at,3.055105487
BI431001_at,3.356224393
BI431002_at,3.811349017
BI431005_x_at,3.15250566
BI431006_x_at,2.583918073
BI431007_x_at,1.933427096
BI431008_at,5.630669734
D10878_at,4.982894901
D10913_s_at,4.475260923
D10914_s_at,4.368989418
D11437_at,4.110524091
D11452_at,5.514414527
D15058_at,8.518496365
D17295_at,3.712799012
D17313_at,5.133660413
D17449_at,4.452363922
D21216_at,4.590670192
D23671_at,4.975245535
D26114_at,4.634452583
D28566_at,4.781739801
D30051_at,4.330278884
D31814_at,5.088991988
D38103_at,5.507101281
D43757_at,4.266294006
D45419_at,5.596328089
D49709_at,5.068469314
D50577_at,4.61825543
D50578_at,4.339724845
D63782_at,4.415066048
D83230_at,5.845543362
D85517_at,5.087643472
D86466_at,5.571372487
D86467_at,5.278858481
D86525_at,5.246322367
D86951_at,3.708694298
D89285_at,5.067109513
D89286_at,3.679126332
D89287_at,4.731139698
E01536_at,3.550536494
E11160_at,4.357115421
J00059_at,3.771979936
J00061_at,8.386758994
J02686_x_at,2.92138098
J03847_at,3.775415371
J04084_at,4.648284503
J04122_at,4.297429467
J04123_at,4.888460572
J05281_at,4.952957326
J05613_at,4.951224676
K00922_at,4.519293589
K00923_at,5.880406452
K00924_at,6.572301813
K00925_at,3.435505077
K00926_x_at,3.171744577
K00927_at,4.592523077
K02407_at,5.325540433
L00169_at,3.681477674
L00170_x_at,4.83227398
L00171_at,5.575208454
L00173_at,5.694903651
L00176_at,5.645878169
L00178_at,5.798028441
L00179_at,5.610474292
L00180_at,4.735164293
L00181_at,4.911201143
L00182_at,4.845798498
L00183_s_at,5.646575299
L00325_x_at,6.411235159
L00327_x_at,7.630598196
L00328_at,7.920209816
L00329_at,6.736103256
L00330_x_at,7.786594388
L00331-rc_x_at,5.307486838
L00332_at,6.082690268
L00333_x_at,5.912419754
L00334_at,7.156804932
L00365_at,6.071703757
L00366_x_at,8.287124474
L00367_x_at,6.090495449
L00368_x_at,7.929060068
L00369_at,7.389025755
L03277_at,3.879923839
L03286_f_at,5.728400732
L03286_x_at,6.553126654
L03287_f_at,5.239076951
L03287_x_at,7.155800284
L04690_at,3.072326451
L06008_at,5.161465147
L06092_at,4.763914205
L06863_at,6.429039532
L06947_at,5.290682905
L06948_at,5.241496619
L12055_at,3.63978914
L13244_at,4.479148818
L13383_at,4.356281358
L13384_at,3.952426045
L15625_at,5.649843385
L18986_at,7.219499576
L19142_f_at,4.433007205
L22614_at,3.509790344
L25339_at,3.729783673
L27428_at,3.046353849
L27428-rc_at,4.313436655
L28124_at,5.907118512
L28147_at,5.608465439
L29424_x_at,6.088312711
L29528_at,5.192858815
L29564_at,5.531611694
L31957_at,3.606540763
L32978_at,2.232845989
L33676_at,8.50814319
L35922_at,4.752885101
L37748_at,4.963619499
L38709_at,4.342501313
L38710_s_at,4.588982093
L38710_x_at,4.275538862
L40623_at,5.117477444
L42570_s_at,5.826549748
L47236_x_at,5.757580147
M10134_at,5.112049371
M10215_x_at,5.465604018
M11869_at,5.123755947
M12015_at,4.18975731
M12016_at,3.476019582
M12103_x_at,6.488763213
M12104_at,5.996510124
M12329_at,8.705787504
M12329_g_at,10.14106405
M12995_at,4.906762268
M14055_at,5.074020729
M14147_at,4.627830748
M14148_s_at,4.579339994
M14148_x_at,2.643114245
M16963_x_at,3.444852497
M17290_f_at,5.463007924
M17290_x_at,3.755767275
M19147_at,3.726730285
M19538_f_at,6.311281291
M21955_x_at,4.488391193
M22088_at,4.846871089
M22350_at,9.68854465
M22374_at,2.941808818
M23160_at,4.170710252
M25789_f_at,5.446408147
M25789_x_at,2.446112149
M25790_s_at,4.440580267
M25790_x_at,3.285405606
M25791_f_at,4.519846418
M25791_x_at,4.646594525
M25794_x_at,2.622921493
M25798_x_at,3.001253037
M25799_x_at,3.912593444
M25895_x_at,3.654224318
M26164_at,6.600014057
M26328_at,5.028699287
M26640_at,8.654354793
M26642_at,3.27748975
M27146_at,3.616083928
M27241_at,3.574002831
M27838_s_at,5.34487885
M27838_x_at,3.883024136
M29238_at,5.320407655
M29894_at,4.41893336
M29895_at,2.865197857
M31610_at,4.813931953
M31621_f_at,5.186943609
M31621_x_at,5.901485916
M33067_x_at,4.564026301
M33068_f_at,3.016769359
M33068_x_at,3.235326672
M33579_at,4.436781298
M34562_at,3.344204599
M34665_at,8.825872496
M35008_at,4.349297834
M55438_at,4.422315945
M55439_at,4.251564179
M57970_at,4.297907991
M58148_at,3.595833624
M58164_at,4.581770069
M59252_f_at,4.430786102
M59772_at,4.538764166
M60771_at,3.994106602
M60773_at,3.145062524
M60973_at,6.86288495
M63311_at,5.693087677
M63629_at,5.515232301
M63992_at,4.683612658
M73970_at,5.752171341
M73991_at,4.35846797
M74776_at,4.134528786
M76730_at,6.473391516
M80242_at,4.254113573
M80243-rc_at,5.42663894
M80427_at,4.664215816
M81108_x_at,4.611806159
M87540_at,4.445988682
M87541_at,5.18588747
M88136_at,7.851779822
M95297_at,5.667765579
M96650_at,4.863663199
M96676_at,9.641885822
M99691_at,7.217379568
S46270_f_at,6.728521762
S46270_x_at,4.091570812
S56005_at,4.216754146
S64241_at,4.857075869
S66296_at,4.051722242
S66299_at,5.269685728
S68899_at,4.352070779
S69934_at,8.885994762
S70720_at,4.465060902
S73810_at,5.763262929
S74024_at,5.715688062
S74095_at,4.713841666
S78750_at,4.66445271
S79122_x_at,3.473916769
S79717_x_at,3.92096811
S79721_x_at,4.329487052
S79879_at,3.930990835
S80433_x_at,4.979174048
S80616_at,4.47577585
S80870_at,3.240509819
S81773_at,5.428875376
S81843_at,5.315980386
S82228_at,4.854024481
U02028_at,2.337205383
U03031_at,5.421156332
U04967_at,4.626435505
U04968_at,5.486488405
U05959_at,6.689106484
U06143_at,5.21793049
U09103_at,5.436114601
U09104_at,2.636677829
U09453_at,4.838103641
U09941_at,3.166905038
U10249_at,5.674690443
U10880_at,5.333461531
U11453_at,7.111953571
U11790_at,4.817426076
U12329_at,4.822533586
U12420_at,5.24046571
U12585_at,4.560984178
U13152_at,5.83209788
U13152-rc_at,5.001405961
U15161_s_at,6.946155425
U15161_x_at,4.934425971
U17165_at,3.96437445
U17166_at,5.149568053
U17871_at,4.304539745
U20114_at,5.635620266
U20434_s_at,5.93246835
U20951_at,6.061136964
U21102_at,4.565772188
U21937_at,4.628000023
U22818_at,6.427425387
U22819_s_at,3.762679479
U22819_x_at,4.073154876
U24679_at,3.277347711
U26588_at,5.080022292
U29167_at,5.274266809
U29660_s_at,4.744991569
U29660_x_at,5.493248095
U39304_at,7.045702345
U40585_at,4.595205797
U40626_at,4.70364477
U41500_at,6.146957045
U41738_at,5.138582265
U41899_at,6.566554982
U42430_at,4.209834689
U42440_at,4.00307418
U42441_x_at,5.318180476
U43278_at,2.10258736
U43333_at,5.133916701
U47320_at,5.407972422
U47332_at,4.547563782
U48852_at,6.756055187
U49649_at,4.571684257
U49841_at,4.857790924
U50564_at,5.107465173
U50565_at,4.922901022
U50566_at,5.980051781
U51162_at,4.867151365
U56144_x_at,3.430685177
U58672_at,8.165092229
U58838_x_at,5.295882834
U58839_x_at,6.187828821
U59429_at,3.513600868
U60263_at,6.290450196
U61141_at,5.773016729
U62587_at,3.943589827
U62587_g_at,4.215063691
U62588_x_at,7.960417393
U62810_at,3.267520528
U65889_at,3.163302327
U66490_at,4.423514636
U66494_at,5.267417798
U67060_at,7.510640077
U67146_at,6.865375721
U71279_at,3.421588214
U71280_at,5.59924751
U71399_at,5.3262391
U73375_at,6.043871197
U73854_at,4.467334021
U78769_at,4.323819627
U83983_at,3.483134665
U88975_at,4.198329479
U91742_at,6.098593566
U91904_at,3.890160816
U91937_at,5.587408542
U91938_at,4.523948581
U94480_at,2.729947413
U94481_x_at,2.694063773
U94482_f_at,3.696980363
U94482_x_at,4.715801472
U94483_x_at,3.566484259
U94484_at,4.537306334
U94485_at,5.66583705
U94486_x_at,6.633499929
U94995_at,4.474107081
U96612_at,4.597719216
WAN0088IF_at,4.273601694
WAN0088IG_at,5.870476195
WAN0088II_at,4.47792424
WAN0088IL_x_at,2.844606454
WAN0088IO_x_at,3.764070067
WAN0088IR_at,6.659086646
WAN0088IT_at,5.201161475
WAN0088IV_x_at,11.0429116
WAN0088IY_at,4.287308819
WAN0088IZ_x_at,3.12957357
WAN0088J0_at,6.393496512
WAN0088J1_at,6.31785227
WAN0088J2_at,6.174174581
WAN0088J5_at,6.606053288
WAN0088J7_at,4.288907039
WAN0088J9_x_at,4.49671788
WAN0088JB_at,4.786818197
WAN0088JC_at,3.873709568
WAN0088JD_at,5.272015048
WAN0088JE_at,7.082053672
WAN0088JF_at,3.706080292
WAN0088JH_at,3.428591858
WAN0088JI_at,4.321423754
WAN0088JJ_at,6.724983092
WAN0088JK_at,4.680148841
WAN0088JL_at,3.13034212
WAN0088JM_x_at,4.198365153
WAN0088JM-rc_at,5.13849321
WAN0088JO_at,3.85348061
WAN0088JP_at,4.512653309
WAN0088JQ_at,3.519107945
WAN0088JR_at,5.71049474
WAN0088JS_at,4.114414026
WAN0088JV_at,6.282349519
WAN0088JX_x_at,3.542532086
WAN0088JZ_at,4.877093218
WAN0088K0_at,6.69414318
WAN0088K1_at,5.847058398
WAN0088K2_at,5.096652911
WAN0088K3_at,6.649305742
WAN0088K6_x_at,2.049378292
WAN0088K7_x_at,11.16471546
WAN0088KC_at,4.687563636
WAN0088KE_at,4.095101275
WAN0088KG_at,8.703456999
WAN0088KK_x_at,5.644147073
WAN0088KM_at,4.543891695
WAN0088KO_at,3.580246144
WAN0088KP_at,5.44470921
WAN0088KQ_at,5.082937585
WAN0088KR_at,6.493613003
WAN0088KW_at,4.268418211
WAN0088KX_f_at,4.05742925
WAN0088KX_x_at,3.417121627
WAN0088L0_f_at,3.08215489
WAN0088L0_x_at,5.081136377
WAN0088L2_at,6.316907105
WAN0088L3_at,5.060366429
WAN0088L6_f_at,3.772679335
WAN0088L6_x_at,6.2872967
WAN0088L8_at,3.69619859
WAN0088L9_x_at,5.886038128
WAN0088LB_at,3.540427714
WAN0088LC_at,6.314846245
WAN0088LD_at,5.924057406
WAN0088LE_at,6.751325437
WAN0088LF_at,6.348354547
WAN0088LH_at,5.317074984
WAN0088LM_at,4.498625613
WAN0088LN_f_at,5.524878712
WAN0088LN_x_at,3.871782218
WAN0088LO_at,5.748861709
WAN0088LP_at,5.498010888
WAN0088LT_at,5.936100074
WAN0088LW_at,3.430133476
WAN0088LX_at,3.640467043
WAN0088LZ_at,4.497828087
WAN0088M2_at,5.515609495
WAN0088M4_at,6.56257795
WAN0088M9_at,6.198275816
WAN0088MA_x_at,6.096721427
WAN0088MB_at,4.953919869
WAN0088MC_at,5.892925836
WAN0088MD_at,6.231318316
WAN0088MF_at,5.739630857
WAN0088MM_at,4.520789386
WAN0088MP_at,3.933607549
WAN0088MS_at,6.174717413
WAN0088MV_at,4.289352794
WAN0088MW_at,4.670441552
WAN0088MY_at,3.754299941
WAN0088N0_at,4.294859235
WAN0088N3_at,5.169522582
WAN0088N6_at,6.864044513
WAN0088NC_at,5.537844487
WAN0088NF_at,4.267696966
WAN0088NG_x_at,3.083430957
WAN0088NK_at,2.500727385
WAN0088NL_at,4.176326571
WAN0088NN_at,5.481867165
WAN0088NO_x_at,3.167720871
WAN0088NP_at,5.323110026
WAN0088NQ_at,4.622531573
WAN0088NR_at,5.301737873
WAN0088NS_at,4.629853846
WAN0088NU_at,5.576701383
WAN0088NV_at,6.209726876
WAN0088NX_at,6.0499989
WAN0088NY_at,6.028635725
WAN0088NZ_at,4.618233246
WAN0088O0_at,2.586907688
WAN0088O2_at,3.449870542
WAN0088O3_at,5.192110371
WAN0088O4_at,6.230711954
WAN0088O9_at,8.657861181
WAN0088OB_at,5.68078734
WAN0088OD_at,3.235318345
WAN0088OE_at,5.874375056
WAN0088OF_at,3.922872991
WAN0088OF-rc_at,4.325464261
WAN0088OH_at,5.97844592
WAN0088OI_at,4.799052423
WAN0088OL-rc_at,7.206006624
WAN0088ON_at,5.305787482
WAN0088OO_at,8.219928165
WAN0088OP_at,4.291267255
WAN0088OQ_at,3.674650685
WAN0088OR_at,2.770370615
WAN0088OT_at,5.995808461
WAN0088OU_at,4.95315001
WAN0088OV_x_at,4.000788669
WAN0088OX_x_at,2.703033424
WAN0088OY_x_at,5.823038114
WAN0088P2_at,5.339002495
WAN0088P5_at,2.89934466
WAN0088P6_at,4.410182956
WAN0088P8_at,6.140342695
WAN0088PE_at,4.249734408
WAN0088PF_at,4.766743824
WAN0088PG_x_at,4.84484069
WAN0088PH_at,5.877821165
WAN0088PL_at,7.478549434
WAN0088PQ_at,4.649263634
WAN0088PR_at,3.281398486
WAN0088PT_at,7.87569274
WAN0088PU_at,6.23546356
WAN0088PX_at,4.126093629
WAN0088PY_at,4.427317832
WAN0088PZ_at,7.503321334
WAN0088Q1_at,4.62724687
WAN0088Q4_at,3.757453798
WAN0088Q6_at,7.399332693
WAN0088Q9_at,3.906644846
WAN0088QB_x_at,4.944664794
WAN0088S8_at,5.99390774
WAN0088SA_at,6.175933242
WAN0088SF_at,4.490503387
WAN0088SG_at,5.13271889
WAN0088SH_at,5.532366152
WAN0088SI_at,4.133708696
WAN0088SN_at,5.248947607
WAN0088SP_at,5.63789975
WAN0088SQ_at,2.721001949
WAN0088SS_at,5.078826743
WAN0088ST_at,5.789159387
WAN0088SV_at,4.045714675
WAN0088SW_at,4.855829062
WAN0088SX_x_at,2.790646889
WAN0088T0_at,9.515508799
WAN0088T1_at,4.906067871
WAN0088T2_at,7.482261432
WAN0088T3_at,9.083411316
WAN0088T4_f_at,6.568960181
WAN0088T4_x_at,2.88638464
WAN0088T4-rc_f_at,8.281452258
WAN0088T4-rc_x_at,4.51920887
WAN0088T5_at,6.660949816
WAN0088T6_at,5.079457765
WAN0088T7_at,6.746272482
WAN0088T8_at,4.479184597
WAN0088TE_at,4.051561782
WAN0088TG_at,5.272649859
WAN0088TK_x_at,6.409336937
WAN0088TL_at,3.495439815
WAN0088TM_at,3.193889115
WAN0088TN_at,5.167233295
WAN0088TP_at,5.908758448
WAN0088TQ_at,3.27809138
WAN0088TV_at,4.405875848
WAN0088TW_at,4.688145813
WAN0088TX_at,5.910710428
WAN0088TY_at,5.70238303
WAN0088U0_at,5.209844355
WAN0088U2-rc_at,5.222651502
WAN0088U4_at,6.057358843
WAN0088U6_at,6.406696006
WAN0088U7_at,6.514726092
WAN0088W7_s_at,10.69456225
WAN0088W7_x_at,4.258742708
WAN0088W8_at,5.817823612
WAN0088WA_at,3.034331498
WAN0088WC_at,5.388904923
WAN0088WD_at,5.004027024
WAN0088WE_at,4.153196675
WAN0088WF_at,4.384828271
WAN0088WG_at,6.350478336
WAN0088WK_at,3.814818303
WAN0088WM_at,6.917683289
WAN0088WO_at,4.264701874
WAN0088WP_at,5.384604204
WAN0088WR_x_at,5.309566141
WAN0088WW_x_at,4.290640725
WAN0088WX_f_at,5.151492748
WAN0088WX_x_at,3.723357015
WAN0088WY_at,5.526758665
WAN0088WZ-rc_at,4.869101856
WAN0088X2_at,6.315795109
WAN0088X3_at,3.994976594
WAN0088X4_at,4.418438014
WAN0088X5_at,5.95465187
WAN0088X6_at,3.566238617
WAN0088X8_x_at,3.719633015
WAN0088X9_at,10.33868212
WAN0088XA_at,2.463860964
WAN0088XB_at,2.508677582
WAN0088XD_x_at,4.457900098
WAN0088XE_at,7.372874888
WAN0088XH_at,6.228292759
WAN0088XI_at,5.072520436
WAN0088XK_at,3.872434693
WAN0088XL_at,6.074943211
WAN0088XM_f_at,4.779069564
WAN0088XM_x_at,3.797238799
WAN0088XN_at,5.036397674
WAN0088XP_x_at,2.763789423
WAN0088XQ_at,6.025340503
WAN0088XS_at,5.138686936
WAN0088XX_at,4.172207736
WAN0088XY_at,3.368168722
WAN0088XZ_at,6.442975504
WAN0088Y0_at,5.616649347
WAN0088Y1_at,4.285503958
WAN0088Y2_at,4.597858425
WAN0088Y4_at,4.529141218
WAN0088Y5_at,4.531744821
WAN0088Y6_at,4.189507737
WAN0088Y7_x_at,8.13196008
WAN0088Y9_at,4.102707649
WAN0088YA_at,8.591063337
WAN0088YD_at,6.609603392
WAN0088YE_at,5.403691592
WAN0088YF_at,7.080607579
WAN0088YG_at,2.467983217
WAN0088YI_at,6.79757426
WAN0088YJ_at,3.621990247
WAN0088YK_at,5.997382545
WAN0088YL_f_at,6.946732027
WAN0088YL_x_at,6.577915239
WAN0088YM_at,5.377552779
WAN0088YN_at,3.318493299
WAN0088YP_at,5.331961812
WAN0088YR_at,3.302293773
WAN0088YS_x_at,3.887655247
WAN0088YU_at,5.061921257
WAN0088YV_x_at,3.642237379
WAN0088YX_at,4.411736474
WAN0088YY_at,5.889315494
WAN0088Z2_at,5.185608949
WAN0088Z2-rc_at,5.016173063
WAN0088Z3_at,4.164033168
WAN0088Z4_at,4.767356046
WAN0088Z5_x_at,4.277188911
WAN0088Z6_at,5.485325084
WAN0088Z7_at,9.374158479
WAN0088Z8_at,9.138616791
WAN0088Z9_at,5.397634423
WAN0088ZA_at,3.388151596
WAN0088ZB_at,3.862897622
WAN0088ZC_at,6.520518813
WAN0088ZD_at,6.648481567
WAN0088ZE_at,5.148715824
WAN0088ZG_at,5.382474028
WAN0088ZI_at,5.313243991
WAN0088ZJ_at,7.088272106
WAN0088ZK-rc_at,4.049171862
WAN0088ZL_x_at,2.426879602
WAN0088ZM_at,5.577041633
WAN0088ZN_at,4.155485165
WAN0088ZO_x_at,4.285604139
WAN0088ZP_at,4.144847253
WAN0088ZT_at,6.191126554
WAN0088ZU_at,3.696159208
WAN0088ZW_at,5.762275274
WAN0088ZY_at,4.201788757
WAN0088ZZ_at,4.734158447
WAN008900_at,3.656505605
WAN008901_at,4.185637983
WAN008906_at,5.059243776
WAN008907_at,6.3491045
WAN008908_at,4.844153579
WAN008930_at,3.146337158
WAN008931_at,4.25610443
WAN008936_at,5.786986954
WAN008939_at,4.931219395
WAN00893B_x_at,3.120756146
WAN00893E_at,3.519695395
WAN00893H_at,4.530201039
WAN00893K_at,4.137066184
WAN00893L_at,3.451194884
WAN00893P_at,3.676257767
WAN00893Q_at,5.927049018
WAN00893T_f_at,7.537079023
WAN00893T_x_at,4.664837213
WAN00893V_at,4.051184873
WAN00893X_at,2.847123505
WAN00893Z_at,6.241735905
WAN008940_at,6.658958014
WAN00894H_at,4.974170886
WAN00894J_at,5.477339419
WAN00894K_at,6.961739708
WAN00894P_at,5.623224666
WAN00894Q_at,5.050522097
WAN00895F_at,4.109820614
WAN00895G_at,4.801165719
WAN00895H_at,3.896775476
WAN00895I_x_at,5.228845254
WAN00895K_at,10.45895524
WAN00895L_at,3.269065025
WAN00895O_at,6.064945664
WAN00895Q_x_at,5.36151829
WAN00895S_at,6.556976073
WAN00895U_at,3.758511246
WAN00895V_x_at,5.26409005
WAN00895W_x_at,4.053302651
WAN00895Y_f_at,9.57329897
WAN00895Z_at,4.239770842
WAN008966_at,4.974384042
WAN008968_at,5.223343172
WAN00896E_at,4.335909459
WAN00896F_at,4.624216038
WAN00896G_at,3.579835197
WAN00896H_at,5.236574248
WAN00896K_at,5.404325749
WAN00896L_f_at,11.84625468
WAN00896M_at,7.942621438
WAN008BNE_x_at,5.403534667
WAN008BNG_at,5.270969236
WAN008BNI_at,5.043712699
WAN008BNO_at,7.00063568
WAN008BNS_at,4.759972884
WAN008BNU_f_at,4.436784221
WAN008BNU_x_at,3.651784859
WAN008BNY_at,6.437627888
WAN008BO2_at,4.265602171
WAN008BO4_at,4.002500867
WAN008BO6_at,6.127683616
WAN008BO6-rc_x_at,3.418212415
WAN008BOE_at,5.747867623
WAN008BOI_at,5.735672221
WAN008BOM_at,4.766279482
WAN008BOQ_at,4.974396646
WAN008BQR_at,5.577770981
WAN008BQS_at,3.69054901
WAN008BQT_x_at,4.540606851
WAN008BQU_at,4.486693145
WAN008BQX_x_at,5.10653291
WAN008BQY_at,4.70732174
WAN008BQZ_at,4.645095363
WAN008BR0_at,7.180992217
WAN008BR4_at,6.150920968
WAN008BR5_at,4.266690334
WAN008BR6_at,3.201326772
WAN008BR7_at,4.966282767
WAN008BR8_at,4.591678475
WAN008BR9_at,5.679001086
WAN008BRC_at,4.932205198
WAN008BRD_at,3.904442238
WAN008BRH_at,4.156051898
WAN008BRI_at,5.674917974
WAN008BRJ_x_at,3.552707672
WAN008BRK_at,10.53035883
WAN008BRL_at,5.411704153
WAN008BRN_at,4.582696858
WAN008BRO_at,3.742061442
WAN008BRS_at,6.662457593
WAN008BRU_x_at,5.263956139
WAN008BRV_at,6.754947427
WAN008BRW_at,2.701038305
WAN008BRX_at,6.140261551
WAN008BRY_x_at,6.709116004
WAN008BRZ_at,6.155677858
WAN008BS2_at,5.889430807
WAN008BS3_at,7.325708544
WAN008BS5_at,4.724853127
WAN008BS8_at,3.272996765
WAN008BS9_x_at,3.389226551
WAN008BSA-rc_x_at,10.15110684
WAN008BSB_at,4.258405729
WAN008BSC_at,4.996897712
WAN008BSE_at,5.130431365
WAN008BSF_x_at,3.65193876
WAN008BSG_x_at,4.681099512
WAN008BSH_at,5.257467982
WAN008BSI_at,5.397905816
WAN008BSK_at,6.686395584
WAN008BSL_at,5.767390399
WAN008BSM_f_at,4.754376101
WAN008BSM_x_at,5.49798507
WAN008BSN_at,6.219976008
WAN008BSP_x_at,6.497247504
WAN008BSQ_x_at,6.043872031
WAN008BSS_at,5.331620054
WAN008BST_at,5.297522526
WAN008BSU_at,6.433209741
WAN008BSZ_at,4.714400025
WAN008BT0_at,4.847296633
WAN008BT3_at,4.367439148
WAN008BT4_at,5.049651658
WAN008BT6_at,4.063485767
WAN008BXU_at,4.126683522
WAN008BXV_at,4.848842107
WAN008C10_at,4.734720369
WAN008C42_at,4.207506659
WAN008C43_at,6.634901428
WAN008CEF_at,4.41605502
WAN008CEW_x_at,5.528167799
WAN008CEW-rc_x_at,5.476502348
WAN008CEY_at,4.579436562
WAN008CEY-rc_at,3.780510232
WAN008CEZ_x_at,4.243218446
WAN008CF0_at,4.2211425
WAN008CF6_at,4.109068477
WAN008CF7_at,4.315859358
WAN008CFM_x_at,4.372912075
WAN008CFV_x_at,1.926006551
WAN008CFX_at,3.616175711
WAN008CFZ_at,7.77028148
WAN008CG1-rc_at,4.691855207
WAN008CG2_at,4.363993145
WAN008CG3_at,5.879701586
WAN008CG4_at,4.313105706
WAN008CHG_x_at,4.619558421
WAN008CHH_x_at,3.470479402
WAN008CHJ_x_at,5.476248931
WAN008CHL_x_at,4.536473473
WAN008CHL-rc_at,4.529556137
WAN008CHM_at,3.64987002
WAN008CHN_at,2.60739466
WAN008CHO_at,3.612795622
WAN008CHP_x_at,6.264179986
WAN008CHQ_at,4.395652191
WAN008CHU_at,6.560175376
WAN008CHW_at,3.238134571
WAN008CHX_at,3.583366996
WAN008CHY_at,4.483432391
WAN008CI1_at,2.825806908
WAN008CI2_at,5.229942276
WAN008CI3_at,3.524498075
WAN008CI5_at,6.259745275
WAN008CI6_at,5.456169268
WAN008CI7_at,3.579976833
WAN008CI8_at,3.423275722
WAN008CIA_at,6.869552051
WAN008CIC_at,5.641734814
WAN008CIE_at,5.829774793
WAN008CIF_at,3.374579588
WAN008CIG_at,3.611507894
WAN008CII_at,2.81674521
WAN008CIK_at,3.882389402
WAN008CIL_at,4.895678171
WAN008CIO_x_at,3.755046584
WAN008CIQ_at,5.027513575
WAN008CIU_at,5.604523368
WAN008CIY_at,3.938463298
WAN008CJ1_at,6.279135019
WAN008CJ6_at,3.465824818
WAN008CJ7_x_at,3.454610309
WAN008CJ8_x_at,3.84989908
WAN008CJ9_x_at,3.787315539
WAN008CJA_at,4.025293355
WAN008CJC_at,7.537496405
WAN008CJD_at,6.342855285
WAN008CJF_x_at,4.564844458
WAN008CJG_at,3.91971961
WAN008CJH_at,6.698944759
WAN008CJI_at,6.55372877
WAN008CJK_x_at,5.896618532
WAN008CJM_at,5.547352203
WAN008CJN_at,5.223878716
WAN008CJS_at,4.46411507
WAN008CJT_at,9.331340957
WAN008CJZ_at,4.687475216
WAN008CK1_at,4.238090243
WAN008CK2_at,9.458272928
WAN008CK3_at,3.302658724
WAN008CK4_at,3.623413573
WAN008CKA_at,5.200530328
WAN008CKB_at,3.697422265
WAN008CKD_at,3.836478525
WAN008CKF_at,5.580952489
WAN008CKG_at,4.536788134
WAN008CKI_at,4.238991557
WAN008CKK_at,4.490235767
WAN008CKT_at,3.27781535
WAN008CKT-rc_at,4.855322851
WAN008CKZ_at,3.534598071
WAN008CL2_at,7.065129465
WAN008CL3_at,6.343621248
WAN008CL4_at,4.651404088
WAN008CL8_at,5.663700332
WAN008CL9_at,4.630005769
WAN008CLB_at,5.272783677
WAN008CLI_at,6.257029247
WAN008CLJ_at,4.339076324
WAN008CLK_at,7.293271388
WAN008CLM_at,5.322543661
WAN008CLN_at,5.18532629
WAN008CLP_at,5.395997805
WAN008CLS_at,4.934629604
WAN008CLU_at,5.227542207
WAN008CLV_at,5.585507583
WAN008CLY_x_at,8.737059666
WAN008CM0_at,3.93954218
WAN008CM1_x_at,6.135973662
WAN008CM2_at,2.523748224
WAN008CM7_x_at,4.837646025
WAN008CM8_x_at,3.520817915
WAN008CMA_at,4.899328708
WAN008CMB_at,3.823194035
WAN008CMC_x_at,6.909790105
WAN008CMD_at,4.357055132
WAN008CMF_at,4.390135755
WAN008CMG_at,4.569834174
WAN008CML_f_at,5.245816557
WAN008CMM_at,4.454692883
WAN008CMN_x_at,3.16655173
WAN008CMO_x_at,4.598333113
WAN008CMP_at,3.73718998
WAN008CMQ_x_at,4.66572127
WAN008CMS_at,6.228061511
WAN008CMX_at,4.393077484
WAN008CN3_at,6.679400633
WAN008CN4_at,5.530322149
WAN008CN8_at,4.381957688
WAN008CN9_at,4.103757786
WAN008CNF_x_at,2.783723657
WAN008CNJ_at,3.499261856
WAN008CNK_at,4.027751301
WAN008CNM_at,5.084681083
WAN008CNN_at,5.94970642
WAN008CNQ_at,3.576330487
WAN008CNR_at,4.351199817
WAN008CNV_f_at,5.470935238
WAN008CNV_x_at,4.904825786
WAN008CNY_at,2.912551783
WAN008CO4_at,4.594597059
WAN008CO7_at,4.829859166
WAN008COA_s_at,4.249831896
WAN008COA_x_at,5.326504922
WAN008COC_at,5.2788487
WAN008COD_at,4.464245472
WAN008COF_at,3.875150415
WAN008COI_at,5.502593653
WAN008COL_at,10.20959214
WAN008COS_at,5.324524758
WAN008COT_at,4.900810161
WAN008COW_at,5.129187097
WAN008COY_at,3.557081514
WAN008CP0_x_at,2.466285737
WAN008CP2_at,3.527205895
WAN008CP3_at,5.256054314
WAN008CP4_at,6.960350221
WAN008CP4-rc_at,3.713878784
WAN008CP6_at,4.683519284
WAN008CP7_x_at,3.482817064
WAN008CPA_at,3.980722367
WAN008CPB_at,5.956249498
WAN008CPG_x_at,2.291157769
WAN008CPJ_at,5.975653919
WAN008CPM_x_at,2.931713553
WAN008CPN_at,5.692460453
WAN008CPP_x_at,2.601734183
WAN008CPQ_at,6.296604691
WAN008CPU_at,4.685626978
WAN008CPV_x_at,4.420051187
WAN008CPX_at,8.08750881
WAN008CQ2_at,5.048112155
WAN008CQ3_at,4.569016524
WAN008CQ5_at,6.167745367
WAN008CQ6_at,4.098268431
WAN008CQ7_at,6.452576829
WAN008CQ8_at,3.495130891
WAN008CQA_at,5.288936319
WAN008CQD_at,4.001101644
WAN008CQE_at,7.676851624
WAN008CQG_at,3.404564314
WAN008CQH_at,4.798244353
WAN008CQI_at,5.878550148
WAN008CQJ_at,6.275093082
WAN008CQK_at,5.814570927
WAN008CQL_at,5.004723502
WAN008CQP_at,3.785974618
WAN008CQR_at,3.623867651
WAN008CQU_at,4.903174106
WAN008CQY_at,4.850828076
WAN008CR2_at,6.217410928
WAN008CR3_at,4.480493408
WAN008CRA_at,5.328716558
WAN008CRB_x_at,6.214092146
WAN008CRC_at,5.790241494
WAN008CRH_at,3.971015828
WAN008CRI_at,4.500344334
WAN008CRL_x_at,4.835230169
WAN008CRO_at,4.810314016
WAN008CRP_at,5.064769896
WAN008CRQ_at,5.544442373
WAN008CRR_at,6.084264062
WAN008CRS_at,4.814321357
WAN008CRT_at,6.329734076
WAN008CRU_at,8.818026631
WAN008CRX_at,3.556697939
WAN008CRY_at,3.67378664
WAN008CRZ_at,2.87277472
WAN008CS0_at,5.935083288
WAN008CS2_at,5.334613052
WAN008CS4_at,4.43351795
WAN008CS4-rc_at,4.475811961
WAN008CS6_at,3.753675012
WAN008CS7_at,5.722523226
WAN008CSA_at,4.745774017
WAN008CSB_at,4.950705036
WAN008CSC_at,5.423559901
WAN008CSD_at,3.268095052
WAN008CSE_at,4.161520811
WAN008CSF_at,3.675119082
WAN008CSG_at,6.526830527
WAN008CSH_at,4.846729851
WAN008CSJ_at,5.092414234
WAN008CSK_at,2.952161797
WAN008CSL_at,5.723928366
WAN008CSN_at,6.287291626
WAN008CSS_at,6.131558704
WAN008CST_at,4.437668903
WAN008CSW_at,4.005008546
WAN008CSY_at,5.970632018
WAN008CSZ_at,6.096879354
WAN008CT0_at,2.975612815
WAN008CT2_at,7.943863248
WAN008CT3_at,5.556998401
WAN008CT5_at,5.347153377
WAN008CT6_at,3.854386757
WAN008CT7_at,4.119752662
WAN008CT8_at,7.313052825
WAN008CTA_at,5.594049591
WAN008CTB_at,5.878778377
WAN008CTD_at,5.212065285
WAN008CTG_at,4.342452347
WAN008CTH_x_at,2.378008764
WAN008CTI_at,4.478205265
WAN008CTK_at,6.858295416
WAN008CTL_at,4.356684481
WAN008CTN_at,4.906472915
WAN008CTO_at,4.434944784
WAN008CTP_at,3.925645254
WAN008CTQ_at,3.95899372
WAN008CTR_at,4.637005663
WAN008CTS_x_at,2.43453368
WAN008CTT_x_at,3.592335101
WAN008CTU_at,5.253832485
WAN008CTW_at,5.406995792
WAN008CTX_at,4.563725786
WAN008CTY_at,3.757278296
WAN008CTZ_at,7.638760256
WAN008CU1_at,4.153554506
WAN008CU4_at,4.242011362
WAN008CU9_at,3.884538906
WAN008CUA_at,4.530919811
WAN008CUC_at,3.342464012
WAN008CUM_x_at,4.903597799
WAN008CUO_at,7.329859282
WAN008CUP_at,5.09058687
WAN008CUR_x_at,6.637161259
WAN008CUS_at,5.59375481
WAN008CUT_x_at,4.305675058
WAN008CUU_at,4.782608955
WAN008CUV_x_at,2.370922423
WAN008CUY_at,7.490877311
WAN008CUZ_at,4.07850608
WAN008CV2_at,3.71259186
WAN008CV3_at,6.496570754
WAN008CV4_at,3.346692808
WAN008CV5_at,4.238365814
WAN008CV6_at,3.002047376
WAN008CV9_at,5.731452765
WAN008CVC_at,7.221406575
WAN008CVD_at,3.912741626
WAN008CVF_at,5.153592387
WAN008CVI_at,5.165797788
WAN008CVJ_at,4.485677507
WAN008CVK_at,3.686392912
WAN008CVL_x_at,6.151768335
WAN008CVM_at,6.358885101
WAN008CVN_x_at,4.075573812
WAN008CVQ_at,6.569400083
WAN008CVS_at,4.065754509
WAN008CVT_at,3.883764477
WAN008CVU_at,5.526895343
WAN008CVX_at,6.474814496
WAN008CVZ_at,4.433875873
WAN008CW0_at,5.888861022
WAN008CW2_at,6.085162024
WAN008CW4_at,2.8934181
WAN008CW5_at,5.298354889
WAN008CW6_at,5.763372053
WAN008CW8_at,7.633390171
WAN008CW9_at,4.153811303
WAN008CW9-rc_at,4.454996286
WAN008CWA_at,4.927042777
WAN008CWB_at,5.154106386
WAN008CWC_x_at,5.132280222
WAN008CWD_at,3.810171017
WAN008CWE_at,6.904873825
WAN008CWJ_at,6.481234783
WAN008CWM_at,4.838960943
WAN008CWQ_at,6.504408652
WAN008CWR_at,4.343674105
WAN008CWT_at,3.992978086
WAN008CWV_at,6.803662106
WAN008CWW_at,2.969251336
WAN008CWZ_at,5.288141743
WAN008CX0_at,5.661658403
WAN008CX2-rc_at,7.825601584
WAN008CX4_at,4.995519092
WAN008CX5_at,4.695532894
WAN008CX6_at,5.853779836
WAN008CX7_at,3.181222639
WAN008CX8_at,3.504148571
WAN008CX9_at,5.264608392
WAN008CXC_at,3.687833989
WAN008CXD_at,4.174748343
WAN008CXF_at,4.353720012
WAN008CXH_x_at,3.875511175
WAN008CXI_at,3.045403565
WAN008CXM_at,5.709138096
WAN008CXN_at,3.948026468
WAN008CXO_at,5.587453295
WAN008CXU_at,5.668834249
WAN008CXV_at,3.591832988
WAN008CXW_at,5.601013905
WAN008CXX_at,5.296172376
WAN008CXZ_at,4.9091131
WAN008CY5_f_at,6.051521623
WAN008CY5_x_at,2.462262738
WAN008CY7_at,4.422801622
WAN008CY8_at,3.878974587
WAN008CYA_at,5.533676801
WAN008CYC_at,3.531049669
WAN008CYD_x_at,3.532362584
WAN008CYE_x_at,4.115070964
WAN008CYF_at,2.933982252
WAN008CYG_at,4.535740736
WAN008CYH_at,4.074479921
WAN008CYI-rc_x_at,6.13273442
WAN008CYJ_at,3.962092168
WAN008CYO_x_at,7.282204563
WAN008CYT_at,3.699035657
WAN008CYV_at,6.664315983
WAN008CYW-rc_at,5.974806933
WAN008CYY_at,4.609044902
WAN008CYZ_at,5.995288849
WAN008CZ0_at,4.556043019
WAN008CZ1_at,2.68677984
WAN008CZ2_at,3.161193251
WAN008CZ5_at,7.543476985
WAN008CZ6_at,4.650156296
WAN008CZ8_at,3.756596736
WAN008CZ9_at,4.286964774
WAN008CZA_at,3.252607402
WAN008CZB_at,6.613835205
WAN008CZD_at,4.64981346
WAN008CZE_at,4.117916989
WAN008CZF_at,4.759456882
WAN008CZG_at,4.184836459
WAN008CZI_at,5.143828326
WAN008CZJ_at,5.095389135
WAN008CZL_at,6.181860013
WAN008CZM_at,6.319998811
WAN008CZP_at,5.818120765
WAN008CZR_at,5.423737229
WAN008CZV_at,4.708164569
WAN008D00_at,3.431504873
WAN008D02_at,4.554614846
WAN008D05_at,3.917251966
WAN008D06_at,5.598041365
WAN008D07_at,4.837573367
WAN008D08_at,4.153121819
WAN008D09_at,3.306477839
WAN008D0A_at,3.566333743
WAN008D0A-rc_at,6.0036766
WAN008D0C_at,2.931291906
WAN008D0D_f_at,10.64629853
WAN008D0D_x_at,5.159939686
WAN008D0E_at,4.320246501
WAN008D0H_at,3.5762464
WAN008D0J_at,5.116098179
WAN008D0K_at,5.020964345
WAN008D0M_at,5.8246359
WAN008D0N_at,4.440647809
WAN008D0O_at,8.764323014
WAN008D0Q_at,5.509518305
WAN008D0S_at,4.833790657
WAN008D0T_f_at,6.999961475
WAN008D0T_x_at,4.450836955
WAN008D0V_at,5.046051372
WAN008D0W_x_at,4.812614968
WAN008D0X_at,4.610653161
WAN008D0Y_x_at,4.03632791
WAN008D10_at,5.800565508
WAN008D11_at,6.231523848
WAN008D12_at,4.004265908
WAN008D13_at,7.630970283
WAN008D15_at,2.393277716
WAN008D16_at,5.000532876
WAN008D17_at,5.409561339
WAN008D19_x_at,5.032748483
WAN008D1B_at,4.499774614
WAN008D1E_at,4.19430133
WAN008D1F_x_at,3.117756118
WAN008D1G_at,5.80027479
WAN008D1H_at,6.237118182
WAN008D1I_at,3.700647564
WAN008D1J_at,5.624880664
WAN008D1K_at,4.549070299
WAN008D1L_at,3.925187595
WAN008D1N_at,4.789948688
WAN008D1Q_at,4.377392323
WAN008D1S_x_at,3.829824334
WAN008D1T_at,4.314214659
WAN008D1X_at,2.694767336
WAN008D22_at,3.645552125
WAN008D26_at,5.873087718
WAN008D27_at,8.049030236
WAN008D28_at,5.876898812
WAN008D29_s_at,9.358924662
WAN008D2B_at,7.033628337
WAN008D2C_at,6.979532567
WAN008D2G_at,4.829977105
WAN008D2K_x_at,5.250445458
WAN008D2L_at,7.108428103
WAN008D2N_at,6.222829682
WAN008D2O_x_at,4.624318128
WAN008D2Q_at,6.601151096
WAN008D2R_x_at,4.302353466
WAN008D2S_at,6.276895534
WAN008D2Y_at,6.339546262
WAN008D2Z_at,7.689757132
WAN008D31_at,6.231679991
WAN008D32_at,6.473530867
WAN008D36_at,2.763357767
WAN008D37_at,5.088182318
WAN008D38_at,3.110970378
WAN008D39_x_at,8.454329168
WAN008D3C_at,4.595838062
WAN008D3G_x_at,6.136526676
WAN008D3H_at,3.74778098
WAN008D3I_at,4.506748001
WAN008D3K_at,6.375682594
WAN008D3L_at,4.60808502
WAN008D3N_x_at,3.777319436
WAN008D3O_at,4.868917764
WAN008D3P_at,5.842500835
WAN008D3Q_at,4.857925106
WAN008D3S_x_at,3.266944631
WAN008D3U_at,6.656901177
WAN008D3W_at,5.171558294
WAN008D3X_at,5.260979384
WAN008D3Z_at,4.266284425
WAN008D42_at,8.342809721
WAN008D43_x_at,7.001563335
WAN008D44_at,6.790738154
WAN008D48_at,6.353853517
WAN008D4A_at,5.707440444
WAN008D4B_at,2.906672734
WAN008D4D_at,6.219886375
WAN008D4G_x_at,6.489008682
WAN008D4H_at,5.413906915
WAN008D4I_at,6.450381772
WAN008D4J_at,5.15696012
WAN008D4K_at,5.456277576
WAN008D4M_at,3.832452665
WAN008D4N_at,4.136997681
WAN008D4O_at,5.847253903
WAN008D4P_at,4.783461698
WAN008D4S_at,4.559452714
WAN008D4U_at,4.202499766
WAN008D4V_at,2.895779297
WAN008D4W_at,5.353319694
WAN008D51_at,5.297287279
WAN008D55-rc_at,4.543187384
WAN008D56_at,3.534939494
WAN008D57_at,4.595975177
WAN008D59_at,4.475712654
WAN008D5G_x_at,3.660580595
WAN008D5I_x_at,9.472079095
WAN008D5K_at,3.931475422
WAN008D5P_at,3.799425112
WAN008D5Q_x_at,5.134519386
WAN008D5R_at,4.955855178
WAN008D5U_x_at,3.236139187
WAN008D5V_x_at,8.570841141
WAN008D5X_at,5.554836134
WAN008D66_at,5.316710486
WAN008D68_at,4.32852072
WAN008D69_at,4.925092586
WAN008D6B_at,5.403921943
WAN008D6C_at,5.103039151
WAN008D6E_x_at,4.846401899
WAN008D6H_x_at,3.750334684
WAN008D6J_at,4.34191483
WAN008D6K_at,8.376577719
WAN008D6O_at,5.567901664
WAN008D6R_at,6.870877719
WAN008D6S_at,5.800179188
WAN008D6Z_x_at,3.836400221
WAN008D70_x_at,5.423885562
WAN008D72_at,5.700286778
WAN008D76_at,5.612691701
WAN008D79_at,4.326305629
WAN008D7B_at,4.322636077
WAN008D7G_at,7.330531654
WAN008D7H_x_at,3.271469012
WAN008D7K_at,6.399380809
WAN008D7L_x_at,4.025856501
WAN008D7O_at,4.49613124
WAN008D7Q_at,5.9291363
WAN008D7R_at,4.120002886
WAN008D7S_at,8.896314017
WAN008D7T_at,4.327301819
WAN008D7W_at,4.389806586
WAN008D7X_at,5.839388634
WAN008D7Z_at,4.390836105
WAN008D82_at,4.366901927
WAN008D85_at,6.468573086
WAN008D8B_at,3.689207071
WAN008D8D_x_at,7.303866989
WAN008D8E_at,6.795441621
WAN008D8I_x_at,6.454851996
WAN008DA9_at,6.02437289
WAN008DAD_at,5.145654508
WAN008DAF_at,6.654374461
WAN008DAG_at,7.301813354
WAN008DAI_x_at,5.247546567
WAN008DAP_at,7.450839723
WAN008DAU_at,2.752921842
WAN008DAW_x_at,5.22057332
WAN008DB3_at,5.61529006
WAN008DB4_at,4.577227348
WAN008DB5_at,3.718876694
WAN008DB7_at,5.20255656
WAN008DB8_at,4.80510826
WAN008DBB_at,4.799485191
WAN008DBC_x_at,6.174180068
WAN008DBD_at,4.43218696
WAN008DBG_x_at,3.717028727
WAN008DBL_at,10.45634451
WAN008DBM_at,4.59241107
WAN008DBQ_at,6.247316067
WAN008DBR_at,4.167429938
WAN008DBX_at,3.457656041
WAN008DBZ_at,4.222517521
WAN008DC2_at,5.189267473
WAN008DC4_at,7.699161506
WAN008DC9_at,6.064817581
WAN008DCL_at,3.739854348
WAN008DCN_at,4.076567391
WAN008DCP_at,5.373602781
WAN008DCQ_x_at,2.978507368
WAN008DCS_at,5.404910397
WAN008DCU_at,10.72986062
WAN008DCV-rc_at,5.664380224
WAN008DCW_at,7.05219721
WAN008DD1_at,6.944421731
WAN008DD3_at,5.102824084
WAN008DDF_x_at,4.107816173
WAN008DDP_x_at,4.084855415
WAN008DDR_at,4.253851812
WAN008DDS_at,4.527036305
WAN008DDU_at,7.793162222
WAN008DDV_at,3.413999727
WAN008DDX_x_at,2.557027626
WAN008DDX-rc_at,3.554984109
WAN008DDZ_at,4.48182788
WAN008DE2_at,2.962974441
WAN008DE3_at,4.473263177
WAN008DE3-rc_at,3.588979005
WAN008DE6_at,4.076389771
WAN008DE8_at,6.69908068
WAN008DEC_at,4.170560204
WAN008DED_at,4.73980646
WAN008DEE_at,3.835469884
WAN008DEH_at,3.76045256
WAN008DEI_at,4.77136927
WAN008DEK_x_at,4.32997449
WAN008DEL_at,5.278038476
WAN008DEO_at,4.847093486
WAN008DEW_at,3.717064927
WAN008DEY_at,3.824978254
WAN008DEZ_at,4.03149105
WAN008DF2_x_at,5.562970908
WAN008DF4_at,3.505989228
WAN008DF5_at,3.837330729
WAN008DF8_at,4.51584262
WAN008DFA_at,7.042439406
WAN008DFF_x_at,4.721091573
WAN008DFH_at,7.718404942
WAN008DFI_at,4.299606308
WAN008DFK_at,3.134285613
WAN008DFQ_at,4.761431826
WAN008DFT_at,5.027176912
WAN008DGC_at,3.891208913
WAN008DGD_at,6.705826728
WAN008DGE_at,7.577574619
WAN008DGF_x_at,7.137276207
WAN008DGK_at,5.44490253
WAN008DGM_at,4.131656664
WAN008DGN_at,4.165914453
WAN008DGQ_x_at,4.390729592
WAN008DGT_at,5.472314774
WAN008DGU_f_at,4.282515952
WAN008DGU_x_at,4.705189935
WAN008DGW_at,5.452570168
WAN008DGZ_at,5.161241083
WAN008DH1_x_at,6.795545267
WAN008DH2_at,7.380507041
WAN008DH6_x_at,4.97177411
WAN008DH7_x_at,5.674934348
WAN008DHD_at,4.957729276
WAN008DHI_at,4.289516029
WAN008DHM_at,4.888496246
WAN008DHN_at,4.556557156
WAN008DHO_at,5.024973076
WAN008DHP_at,4.72184788
WAN008DHS_x_at,4.042755831
WAN008DHU_at,6.87186511
WAN008DHX_x_at,3.323841611
WAN008DHY_at,4.736200103
WAN008DI0_at,5.375997243
WAN008DI2_at,6.696246886
WAN008DI6_at,5.02564296
WAN008DI7_at,6.255738889
WAN008DI8_at,5.402033591
WAN008DIA_at,7.48432975
WAN008DIB_at,3.48747121
WAN008DIC_x_at,3.656512588
WAN008DIE_at,4.465485198
WAN008DIK-rc_at,6.21017934
WAN008DIL_at,3.517859901
WAN008DIN_at,6.409436776
WAN008DIO_at,3.893006502
WAN008DIP_at,5.227541914
WAN008DIQ_x_at,2.676548001
WAN008DIS_at,5.415112869
WAN008DIT_at,3.999871351
WAN008DIV_at,6.619467077
WAN008DIX_at,4.897974579
WAN008DJ1_at,4.46233077
WAN008DJ1-rc_at,4.473585861
WAN008DJ2_at,4.979375912
WAN008DJ3_at,3.976141659
WAN008DJ5_at,3.897686967
WAN008DJ6_at,6.852343672
WAN008DJ7_at,5.232474359
WAN008DJ8_f_at,8.639478057
WAN008DJ8_x_at,6.513183262
WAN008DJ9_at,5.532751851
WAN008DJB_at,6.250642789
WAN008DJC_at,3.011128446
WAN008DJD_at,4.281850528
WAN008DJE_at,4.261142561
WAN008DJI_at,6.875571824
WAN008DJJ_at,5.35905715
WAN008DJK_at,3.276930594
WAN008DJQ_at,4.215365174
WAN008DJR_at,5.276107646
WAN008DJX_at,5.19087993
WAN008DJY_at,6.255202508
WAN008DK0_at,3.692469286
WAN008DK1_at,7.286203524
WAN008DK3_at,8.664262482
WAN008DK4_at,5.695430624
WAN008DK5_at,3.920763993
WAN008DKB_at,4.246245956
WAN008DKD_at,5.195406753
WAN008DKG_at,3.111080893
WAN008DKH_x_at,4.636025921
WAN008DKI_x_at,2.928294448
WAN008DKJ_x_at,5.493829069
WAN008DKM_at,5.352247952
WAN008DKN_at,3.728977456
WAN008DKP_at,3.44914663
WAN008DKP-rc_at,4.314707975
WAN008DKQ_x_at,6.090298535
WAN008DKR_at,5.093523791
WAN008DKS_at,4.51921559
WAN008DKX_at,7.804423425
WAN008DL0_at,5.448058315
WAN008DL3_at,2.212927208
WAN008DL4_at,3.663970308
WAN008DL6_at,6.962113267
WAN008DL9_at,8.181305757
WAN008DLA_at,4.41421579
WAN008DLB_at,5.475133616
WAN008DLC_at,5.035736122
WAN008DLD_at,4.553961791
WAN008DLE_at,4.475740604
WAN008DLF_at,5.051657529
WAN008DLH_at,8.011284081
WAN008DLI_at,3.258771314
WAN008DLJ_at,7.128538287
WAN008DLP_at,4.947052758
WAN008DLQ_at,9.895989475
WAN008DLR_at,6.954946359
WAN008DLV_at,8.637233245
WAN008DLY_at,6.44213344
WAN008DLZ_at,4.940314493
WAN008DM0_at,4.732083044
WAN008DM1_at,6.27772087
WAN008DM2_at,6.433176751
WAN008DM4_at,4.098945125
WAN008DM8_at,4.249834934
WAN008DM9_x_at,4.960590968
WAN008DME_at,5.594387711
WAN008DMF_at,6.350175476
WAN008DMG_x_at,3.115365345
WAN008DMG-rc_at,3.45980668
WAN008DMI_at,5.570181723
WAN008DMJ_at,4.941000667
WAN008DML_at,6.328365811
WAN008DMN_at,3.610104542
WAN008DMP_at,5.884057208
WAN008DMQ_f_at,3.513376778
WAN008DMQ_x_at,3.665000032
WAN008DMR_f_at,4.211734747
WAN008DMR_x_at,3.335811894
WAN008DMW_at,4.36522925
WAN008DMY_at,3.083589372
WAN008DN1_at,4.85924007
WAN008DN2_at,5.218975111
WAN008DN6_x_at,5.61669881
WAN008DN7_at,3.447027465
WAN008DNA_at,5.997363678
WAN008DNE_at,4.594680654
WAN008DNH_at,5.004426228
WAN008DNJ_at,5.942681926
WAN008DNM_at,6.536779599
WAN008DNN_at,3.446102807
WAN008DNO_at,5.396320338
WAN008DNP_at,5.438166703
WAN008DNR_at,3.349420409
WAN008DNZ_at,6.240606623
WAN008DO0_at,2.572618471
WAN008DO2_at,6.449687331
WAN008DO3_at,6.289566403
WAN008DO4_at,3.3371512
WAN008DO5_at,4.455222604
WAN008DO7_x_at,3.637750092
WAN008DO8_x_at,4.541856053
WAN008DO9_at,5.946823927
WAN008DOG_at,3.376585667
WAN008DOJ_at,5.60845822
WAN008DOK_at,4.76812222
WAN008DOL_at,5.557522482
WAN008DOO_x_at,3.977420997
WAN008DOO-rc_x_at,5.667643565
WAN008DOR_at,5.255340404
WAN008DOS_at,7.346034152
WAN008DOT_at,7.627474215
WAN008DOU_at,5.115303901
WAN008DOW_at,4.623462916
WAN008DOZ_at,3.823584834
WAN008DP1_x_at,3.252047038
WAN008DP3_at,6.967741039
WAN008DP4_at,3.37615971
WAN008DP7_at,4.279034105
WAN008DPB_at,4.75733395
WAN008DPF_at,5.166642593
WAN008DPI_at,4.333715654
WAN008DPJ_at,5.454211801
WAN008DPM_at,3.156367973
WAN008DPO_at,6.602980727
WAN008DPS_at,3.376824493
WAN008DPU_at,4.865500043
WAN008DPY_at,2.646296004
WAN008DPZ_at,3.435994852
WAN008DQ1_at,4.77722782
WAN008DQ2_at,4.734249738
WAN008DQ2-rc_at,4.188368201
WAN008DQ3_at,4.741492806
WAN008DQ4_at,6.17705693
WAN008DQA_at,3.650320999
WAN008DQB_at,6.314156147
WAN008DQC_at,5.167804005
WAN008DQD_at,5.630591754
WAN008DQE_at,3.561372326
WAN008DQG_at,4.361753466
WAN008DQI_at,3.880505477
WAN008DQK_at,3.680213026
WAN008DQM_at,6.049274748
WAN008DQP_at,3.969381954
WAN008DQR_at,4.152169236
WAN008DQT_at,3.801394385
WAN008DQV_x_at,2.55436167
WAN008DQX_at,4.635504027
WAN008DR0_at,4.077292646
WAN008DR1_x_at,5.998892609
WAN008DR3_at,3.475157866
WAN008DR6_at,6.139914924
WAN008DR9_at,4.26750724
WAN008DRA_at,7.117694618
WAN008DRB_at,4.061744297
WAN008DRC_at,7.62087869
WAN008DRE_at,5.178665155
WAN008DRG_at,6.12371396
WAN008DRI_at,3.731094732
WAN008DRJ_x_at,3.923484634
WAN008DRK_at,4.06136938
WAN008DRL_at,4.594665621
WAN008DRM_at,7.422196714
WAN008DRN_x_at,4.736403377
WAN008DRO_at,4.713435288
WAN008DRP_at,4.804494621
WAN008DRQ_x_at,4.706417183
WAN008DRR_at,4.517422861
WAN008DRS_at,3.398384513
WAN008DRU_x_at,3.647523423
WAN008DRW_at,6.189737858
WAN008DRX_at,11.01962551
WAN008DRY_at,8.016931696
WAN008DS1_at,6.768026281
WAN008DS3_at,6.333020463
WAN008DS5-rc_f_at,11.09886306
WAN008DS8_at,3.283127645
WAN008DS9_at,7.102935865
WAN008DSA_at,7.734281063
WAN008DSC_at,4.773528509
WAN008DSE_at,5.627648763
WAN008DSH_at,6.596993178
WAN008DSJ_at,5.815521871
WAN008DSL_at,5.945894044
WAN008DSQ_at,4.533140895
WAN008DST_at,3.567696875
WAN008DSV_at,7.363984994
WAN008DSW_at,5.014216154
WAN008DSX_at,7.255417199
WAN008DSZ_at,6.020869251
WAN008DT1_at,4.82071596
WAN008DT2_x_at,3.505709445
WAN008DT4_x_at,5.946332151
WAN008DT5_at,3.828615041
WAN008DT6_at,3.991438027
WAN008DT7_at,6.730072565
WAN008DT8_at,3.802310658
WAN008DTB_at,4.611952231
WAN008DTC_at,6.27401252
WAN008DTF_at,8.197871033
WAN008DTJ_at,4.005062189
WAN008DTK_at,3.738049159
WAN008DTM_at,5.723260345
WAN008DTQ_at,5.718147263
WAN008DTR_at,6.345121899
WAN008DTT_at,6.45487571
WAN008DTV_at,4.322336393
WAN008DTW_at,4.44862173
WAN008DTX_at,7.724280582
WAN008DTZ_at,6.105861524
WAN008DU0_at,4.491995078
WAN008DU1_at,3.740378849
WAN008DU7_x_at,4.926611619
WAN008DU8_at,5.413866639
WAN008DUB_at,5.181216571
WAN008DUC_at,4.875197015
WAN008DUD_at,5.143395204
WAN008DUE_at,5.201968187
WAN008DUG_at,6.538362071
WAN008DUI_at,6.29468076
WAN008DUJ_x_at,3.599998285
WAN008DUN_at,5.528933714
WAN008DUP_at,3.888866131
WAN008DUP-rc_at,2.93871598
WAN008DUQ_at,5.906132939
WAN008DUR_at,4.404247258
WAN008DUS_at,7.808693505
WAN008DUT_at,6.067151539
WAN008DUU_at,2.613391223
WAN008DUV_at,4.853553424
WAN008DUW_at,3.24548815
WAN008DUZ_at,6.876631601
WAN008DV2_at,3.271621176
WAN008DV6_x_at,5.567711612
WAN008DV7_at,4.562746673
WAN008DV9_at,4.523519962
WAN008DVA_at,4.056812161
WAN008DVB_at,7.128340991
WAN008DVE_at,3.990482196
WAN008DVF_at,5.554179431
WAN008DVG_at,3.753851157
WAN008DVH_at,3.827975671
WAN008DVI_at,5.213048581
WAN008DVJ_at,5.703917721
WAN008DVM_at,3.646856737
WAN008DVN_x_at,4.018755066
WAN008DVO_at,5.457906734
WAN008DVP_at,5.370162971
WAN008DVQ_at,5.377605731
WAN008DVR_at,8.174765255
WAN008DVS_at,4.051762727
WAN008DVU_at,6.55678294
WAN008DW1_x_at,4.457531179
WAN008DW3_at,4.406861538
WAN008DW4_at,4.760004164
WAN008DW7_at,7.711375632
WAN008DW8_at,3.663077684
WAN008DWA_at,3.358957517
WAN008DWB_at,7.637776399
WAN008DWC_at,4.043018102
WAN008DWD_x_at,3.904713993
WAN008DWD-rc_at,5.343690097
WAN008DWE_at,8.042057266
WAN008DWF_f_at,7.269699709
WAN008DWG_at,5.49287613
WAN008DWJ_at,4.296617713
WAN008DWL_at,4.597686031
WAN008DWM_at,4.324227664
WAN008DWO_x_at,3.903996368
WAN008DWQ_at,4.436084728
WAN008DWR_at,6.286270937
WAN008DWS_at,6.096326856
WAN008DWU_at,5.124779997
WAN008DWV_x_at,5.099456491
WAN008DWW_x_at,5.575700345
WAN008DWY_x_at,6.546911529
WAN008DWZ_at,3.482888687
WAN008DX0_x_at,2.156690151
WAN008DX2_at,3.75925043
WAN008DX3_at,4.176466129
WAN008DX4_at,4.32646021
WAN008DX6_at,5.041810358
WAN008DX7_at,5.568196786
WAN008DX8_at,4.320352562
WAN008DXA_at,5.056780415
WAN008DXB_f_at,6.602901802
WAN008DXB_x_at,3.824359997
WAN008DXC_at,4.46086293
WAN008DXE_x_at,5.58599208
WAN008DXF_x_at,3.407845129
WAN008DXG_at,5.756035736
WAN008DXI_at,5.698555145
WAN008DXJ_at,6.928126795
WAN008DXL_at,6.986570162
WAN008DXO_at,4.819230987
WAN008DXP-rc_x_at,2.622976437
WAN008DXT_at,6.127321357
WAN008DXW_at,11.15728864
WAN008DXY_at,3.893426988
WAN008DXZ_x_at,5.459359572
WAN008DY0_at,3.92374648
WAN008DY2_at,2.732375409
WAN008DY3-rc_at,8.700656135
WAN008DY4_x_at,5.705837694
WAN008DY6_at,4.301183991
WAN008DY7_at,6.281449286
WAN008DYB_x_at,5.776403714
WAN008DYB-rc_x_at,5.117425761
WAN008DYC_at,3.886999112
WAN008DYD_at,8.532560322
WAN008DYE_at,5.343363171
WAN008DYK_at,5.289287635
WAN008DYL_at,5.304440593
WAN008DYM_at,4.824354558
WAN008DYN_at,5.657864234
WAN008DYO_at,3.909827544
WAN008DYR_at,5.764786468
WAN008DYS_at,4.707472988
WAN008DYU_at,4.493956813
WAN008DYV_at,6.852524938
WAN008DYW_at,5.220894166
WAN008DYY_at,4.731833699
WAN008DYZ_x_at,3.858830268
WAN008DZ0_at,5.234821669
WAN008DZ2_at,3.382536431
WAN008DZ5-rc_at,5.323348797
WAN008DZ6_at,4.594087303
WAN008DZ7_at,5.079180058
WAN008DZ9_at,4.522354282
WAN008DZB_at,4.228835861
WAN008DZC_x_at,5.649268788
WAN008DZD_at,5.920458536
WAN008DZE_x_at,5.150343074
WAN008DZF_at,6.408358898
WAN008DZH_x_at,2.714620856
WAN008DZJ_at,5.22248465
WAN008DZK_at,3.564838993
WAN008DZN_at,3.316861681
WAN008DZS_at,4.198890569
WAN008DZT_at,5.761957568
WAN008DZU_x_at,3.931475152
WAN008DZW_at,4.678431433
WAN008DZY_at,6.027767666
WAN008DZZ_x_at,3.521780612
WAN008E00_at,6.442022672
WAN008E02_at,3.527162455
WAN008E02-rc_at,3.872098063
WAN008E03_at,7.242238785
WAN008E04_at,5.319588886
WAN008E06_at,5.479005072
WAN008E08_at,5.306082834
WAN008E09_at,3.418643635
WAN008E0A_at,5.605397225
WAN008E0C_at,6.141891501
WAN008E0F_at,4.330366018
WAN008E0H_at,3.699662465
WAN008E0I_at,2.955162374
WAN008E0K_at,4.548771355
WAN008E0K-rc_at,4.725217394
WAN008E0L_at,3.779958957
WAN008E0M_at,3.203171284
WAN008E0N_at,5.39018536
WAN008E0P_at,4.485299161
WAN008E0R_at,6.261749898
WAN008E0T_at,4.90040168
WAN008E0U_at,3.723325973
WAN008E0W_at,7.703928068
WAN008E0X_at,4.269799994
WAN008E0Y_at,5.477946961
WAN008E11_at,3.4567497
WAN008E14_at,4.679757983
WAN008E15_at,4.434799111
WAN008E19_at,4.951043032
WAN008E1A_at,3.651458724
WAN008E1G_x_at,3.025908361
WAN008E1K_x_at,5.217951487
WAN008E1L_x_at,4.354080661
WAN008E1M_f_at,5.074417038
WAN008E1M_x_at,3.428488991
WAN008E1N_at,5.790027664
WAN008E1P_at,7.689508575
WAN008E1Q_at,3.646703392
WAN008E1S_at,4.856740669
WAN008E1T_at,4.488793853
WAN008E1W_x_at,3.563909499
WAN008E1X_at,3.839260696
WAN008E20_at,6.029152737
WAN008E21_at,6.828487693
WAN008E22_at,7.092437946
WAN008E23_at,3.43144264
WAN008E24_at,4.939489453
WAN008E25_at,4.021605257
WAN008E26_x_at,3.665954122
WAN008E28_at,6.146543506
WAN008E29_at,5.490456992
WAN008E2A_at,9.607783275
WAN008E2C_at,4.532363536
WAN008E2D_at,4.957390097
WAN008E2E_at,6.693608294
WAN008E2G_at,3.879955987
WAN008E2H_x_at,3.190060961
WAN008E2M_at,3.690612627
WAN008E2N_x_at,2.823760616
WAN008E2O_x_at,4.585772083
WAN008E2P_at,3.039392166
WAN008E2Q_at,5.505926009
WAN008E2R_at,4.370482285
WAN008E2V_at,5.76417518
WAN008E2W_at,4.847707717
WAN008E2Y_x_at,5.911299175
WAN008E2Z_x_at,3.060492599
WAN008E30_at,4.588747684
WAN008E33_at,3.872692256
WAN008E35_at,4.881253367
WAN008E36_at,8.078654613
WAN008E37_at,3.745407621
WAN008E39_at,3.531646672
WAN008E3C_at,8.063491856
WAN008E3E_at,5.564062479
WAN008E3O_at,5.963270764
WAN008E3P_at,3.270910654
WAN008E3Q_at,5.716781058
WAN008E3R_at,5.98974789
WAN008E3S-rc_at,6.91100506
WAN008E3U_at,3.461343674
WAN008E3V_at,5.25387561
WAN008E3W_at,6.901462531
WAN008E3X_at,3.611149218
WAN008E3Y_at,5.45429854
WAN008E40_at,5.464378106
WAN008E41_at,4.710982323
WAN008E43_at,8.117846462
WAN008E44_at,5.020133887
WAN008E47_at,5.977465718
WAN008E4D_at,3.6022724
WAN008E4F_at,3.754998688
WAN008E4H_at,4.634539992
WAN008E4I_at,5.007504346
WAN008E4L_x_at,3.055468465
WAN008E4M_at,2.979475175
WAN008E4M-rc_at,3.127132713
WAN008E4Q_at,5.423876075
WAN008E4R_at,6.309478019
WAN008E4T_at,3.783979375
WAN008E4U_at,3.851311177
WAN008E4V_at,4.825430103
WAN008E4W_at,5.96854323
WAN008E4X_at,4.884601692
WAN008E4Z_at,5.620768975
WAN008E50_at,3.96314912
WAN008E51_at,3.964980822
WAN008E53_at,3.921893043
WAN008E54_at,5.382026447
WAN008E57_at,3.187695946
WAN008E58_at,3.64935059
WAN008E59_at,3.464853941
WAN008E5B_at,3.834534221
WAN008E5H_at,5.591671513
WAN008E5I_at,4.497295509
WAN008E5K_at,3.149291734
WAN008E5L_at,6.400375506
WAN008E5N_at,3.239015602
WAN008E5P_at,4.185037827
WAN008E5Q_at,4.337501723
WAN008E5R_at,6.124947342
WAN008E5S_at,7.244303437
WAN008E5T_at,6.477318171
WAN008E5U_at,7.275184182
WAN008E5W_at,6.608302769
WAN008E5Z_at,2.9438223
WAN008E63_at,5.391677964
WAN008E64_at,8.469950784
WAN008E65_at,7.609430028
WAN008E66_at,4.025527223
WAN008E67_at,3.306093127
WAN008E68_at,4.217499236
WAN008E69_at,4.398116603
WAN008E6C_at,7.709189854
WAN008E6D_at,4.034719383
WAN008E6F_x_at,4.279088957
WAN008E6G_at,5.616784835
WAN008E6I_at,6.282148133
WAN008E6J_x_at,4.224935375
WAN008E6K_f_at,4.430610277
WAN008E6K_x_at,6.110534286
WAN008E6L_at,4.191125047
WAN008E6L-rc_at,3.411179677
WAN008E6N_at,6.132536128
WAN008E6Q_at,5.01254833
WAN008E6R_at,3.900631269
WAN008E6S_at,4.205095052
WAN008E6T_at,4.310167861
WAN008E6U_at,6.756307813
WAN008E6V_at,4.297803765
WAN008E6W_f_at,5.210113033
WAN008E6W_x_at,5.635015279
WAN008E6Z_at,4.492980739
WAN008E70_at,3.501569958
WAN008E71_at,3.619011275
WAN008E72_x_at,6.105390792
WAN008E75_at,4.944466326
WAN008E76_at,2.756550724
WAN008E7A_at,6.447333619
WAN008E7B_x_at,2.672861775
WAN008E7C_at,6.546131074
WAN008E7D-rc_at,4.128029417
WAN008E7E_at,3.925973874
WAN008E7G_x_at,5.184049476
WAN008E7H_at,6.184542147
WAN008E7I_at,2.81020358
WAN008E7J_at,5.830369166
WAN008E7K_at,5.764228139
WAN008E7L_at,5.479628318
WAN008E7M_x_at,3.960876118
WAN008E7N_at,5.496408009
WAN008E7O_at,6.427595718
WAN008E7Q_at,4.603312459
WAN008E7S_at,6.554754648
WAN008E7T_at,4.252178016
WAN008E7U_at,4.179120781
WAN008E7U-rc_at,3.992328735
WAN008E7V_at,4.398376292
WAN008E7W_at,4.419637616
WAN008E7X_x_at,4.074142116
WAN008E7Y_at,4.715405282
WAN008E80_at,5.900709663
WAN008E81_at,5.912036027
WAN008E82_at,5.412152187
WAN008E83_x_at,6.173933121
WAN008E84_at,2.91980761
WAN008E89_at,4.612112802
WAN008E8B_at,4.603558887
WAN008E8B-rc_at,5.493887325
WAN008E8D_at,6.664690433
WAN008E8E_at,3.093194931
WAN008E8F_at,7.539329704
WAN008E8G_at,4.791584915
WAN008E8H_at,4.562874629
WAN008E8I_at,5.996325214
WAN008E8J_at,6.279449055
WAN008E8K_at,6.65110656
WAN008E8L_at,5.284702547
WAN008E8M_at,6.422479054
WAN008E8N_at,5.934886556
WAN008E8R_at,5.294197377
WAN008E8T_at,6.459122642
WAN008E8V-rc_at,4.745467839
WAN008E8X_at,3.748080421
WAN008E8Y_at,3.13336692
WAN008E8Z_at,6.512304401
WAN008E90_at,4.072702457
WAN008E93_at,3.995841319
WAN008E95_x_at,3.10557191
WAN008E96_at,6.282736231
WAN008E97_at,3.994207707
WAN008E99_at,4.656477674
WAN008E9B_at,4.45761008
WAN008E9C_at,4.961239036
WAN008E9E_at,6.822672254
WAN008E9F_at,3.624912561
WAN008E9H_at,4.316149063
WAN008E9L_at,4.717295498
WAN008E9M_at,5.207231685
WAN008E9N_at,6.802511928
WAN008E9O_at,4.830654367
WAN008E9Q_at,6.182998791
WAN008E9R_at,5.295821052
WAN008E9U_at,5.417253126
WAN008E9V_x_at,3.892759673
WAN008E9W_at,3.944954806
WAN008E9X_at,5.752446393
WAN008E9Z_at,3.829219572
WAN008EA0_at,6.879888886
WAN008EA1_at,5.546769788
WAN008EA7_at,6.796402778
WAN008EAB_at,5.547566842
WAN008EAC_at,4.321393611
WAN008EAE_at,6.124824477
WAN008EAH_at,6.587325097
WAN008EAI_at,5.949592442
WAN008EAJ_at,4.703974417
WAN008EAK_at,5.350360032
WAN008EAN_at,6.5612489
WAN008EAQ_at,4.695533106
WAN008EAS_at,7.895862022
WAN008EAT_at,5.073127411
WAN008EAW_at,4.185043576
WAN008EAX_at,4.46488447
WAN008EAY_at,3.858079295
WAN008EAZ_at,6.119934676
WAN008EB0_at,6.003137162
WAN008EB2_at,3.469286324
WAN008EB3_at,5.404617713
WAN008EB4_at,3.700049979
WAN008EB7_at,6.057975532
WAN008EB8_at,5.712204655
WAN008EBF_at,4.474432176
WAN008EBH_at,5.182616066
WAN008EBJ_at,6.092750206
WAN008EBK_at,5.100381947
WAN008EBO_at,3.086764868
WAN008EBP_at,6.379840252
WAN008EBR_at,5.77778696
WAN008EBS_at,4.520540754
WAN008EBX_at,4.407950257
WAN008EBY_at,5.702360094
WAN008EBZ_at,5.516079075
WAN008EC0_at,4.99316403
WAN008EC2_at,10.56610027
WAN008EC3_at,4.798865597
WAN008EC4_at,5.464580523
WAN008EC6-rc_x_at,4.471784225
WAN008ECA_at,7.293511782
WAN008ECC_at,3.969023715
WAN008ECD_at,4.659956708
WAN008ECH_at,4.59796217
WAN008ECI_at,5.141037844
WAN008ECK_at,6.159927833
WAN008ECL_at,6.25225238
WAN008ECO_x_at,6.08050121
WAN008ECP_at,7.658807802
WAN008ECQ_at,4.461771811
WAN008ECT_at,6.826807974
WAN008ECW_at,5.190933265
WAN008ECX_at,6.573513365
WAN008ECZ_at,4.834306407
WAN008ED0_at,7.730775473
WAN008ED1_at,5.857689758
WAN008ED3_at,6.256291485
WAN008ED5_at,4.271791701
WAN008ED7_at,10.49282003
WAN008ED8_at,6.047195486
WAN008EDB_at,9.621898609
WAN008EDF_at,3.793833574
WAN008EDJ_at,8.041792314
WAN008EDK_at,4.536823936
WAN008EDL_at,3.035129656
WAN008EDM_at,8.419419148
WAN008EDN_at,4.190549173
WAN008EDO_at,5.87399712
WAN008EDP_at,3.464322511
WAN008EDQ_at,5.157277384
WAN008EDR_at,5.114848788
WAN008EDS_at,3.267152581
WAN008EDT_at,4.780058212
WAN008EDU_at,4.708226678
WAN008EDV_at,6.142220511
WAN008EDX_at,4.96403586
WAN008EDY_at,6.118978448
WAN008EDZ_at,3.825798854
WAN008EE0_x_at,6.324541239
WAN008EE1_at,5.639840797
WAN008EE3_at,6.128492191
WAN008EE4_at,6.220852699
WAN008EE5_at,6.730817859
WAN008EE6_at,5.175089596
WAN008EE8_at,4.926888367
WAN008EEA_at,6.279806938
WAN008EEB_at,8.521230561
WAN008EEC_at,5.696814005
WAN008EED_at,5.702456062
WAN008EEE_at,6.359159457
WAN008EEG_at,4.899482131
WAN008EEK_at,5.525175716
WAN008EEL_at,4.949220258
WAN008EEO_x_at,4.891186844
WAN008EEP_at,5.068971593
WAN008EEQ_at,3.477646125
WAN008EES_at,3.296011293
WAN008EET_at,5.249226321
WAN008EEV_at,6.949243951
WAN008EEX_at,3.125505543
WAN008EEY_at,3.904919842
WAN008EEZ_at,6.354949079
WAN008EF2_at,3.275001692
WAN008EF7_at,4.204657704
WAN008EF8_at,4.558976031
WAN008EF9_at,3.459949725
WAN008EFA_at,7.064702642
WAN008EFC_at,3.829696705
WAN008EFD_at,3.968701857
WAN008EFF_at,3.062988654
WAN008EFH_at,3.528270835
WAN008EFI_at,5.44613626
WAN008EFL_at,3.369483662
WAN008EFO_at,7.225145201
WAN008EFQ_at,5.505697938
WAN008EFS_at,9.270711799
WAN008EFT_at,4.108326957
WAN008EFV_at,5.541182186
WAN008EFW_x_at,3.869756014
WAN008EFX_at,3.413113063
WAN008EFY_at,4.07925885
WAN008EFZ_at,4.68902936
WAN008EG0_at,3.960184308
WAN008EG1_at,5.777725067
WAN008EG3_at,6.641131725
WAN008EG4_at,3.445264209
WAN008EG7_x_at,4.978264093
WAN008EG8_at,4.312819405
WAN008EGD_at,4.237481469
WAN008EGG_at,4.435235197
WAN008EGH_at,6.327770675
WAN008EGJ_at,4.26742337
WAN008EGM_at,5.801387181
WAN008EGN_at,5.63621338
WAN008EGO_f_at,7.171133419
WAN008EGO_x_at,3.42097175
WAN008EGU_at,3.950498231
WAN008EGV_at,6.441654735
WAN008EGX_at,7.969859702
WAN008EH0_at,4.016294825
WAN008EH1_at,4.046272906
WAN008EH2_x_at,4.810825678
WAN008EH4_at,3.619883901
WAN008EH5_at,4.7362669
WAN008EH6_at,6.296989001
WAN008EH7_at,4.844082014
WAN008EHA_at,4.05656297
WAN008EHB_x_at,3.063513087
WAN008EHC_at,3.979376958
WAN008EHD_at,5.875868565
WAN008EHE_at,5.433964862
WAN008EHF_at,4.742130128
WAN008EHI_at,4.59988958
WAN008EHJ_at,3.860818266
WAN008EHM_at,8.802758324
WAN008EHO_at,4.070249376
WAN008EHP_x_at,2.21731936
WAN008EHQ_at,4.069380108
WAN008EHR-rc_at,5.390292438
WAN008EHT_at,5.271102783
WAN008EHV_at,4.647038621
WAN008EHW_at,6.791195188
WAN008EHX_at,4.66086682
WAN008EHZ_at,3.421134882
WAN008EI0_at,4.272027012
WAN008EI1_at,6.190157441
WAN008EI2_at,5.395039452
WAN008EI3_at,3.820141753
WAN008EI4_at,6.061323394
WAN008EI6_at,3.62383216
WAN008EI7_at,3.368853178
WAN008EIA_at,6.045902608
WAN008EIB_at,4.471818824
WAN008EID_at,5.044940191
WAN008EIE_at,4.528793176
WAN008EIG_at,5.318982122
WAN008EII_at,4.185119214
WAN008EIJ_at,4.430606321
WAN008EIL_at,5.685984928
WAN008EIM_at,6.097765322
WAN008EIO_at,3.094533116
WAN008EIP_at,4.052589443
WAN008EIR_at,5.364979416
WAN008EIS_at,4.139527933
WAN008EIV_x_at,3.261732397
WAN008EIX_at,4.133278797
WAN008EIY_at,5.763454118
WAN008EIZ_at,4.088941215
WAN008EJ0-rc_at,4.3961762
WAN008EJ3_at,3.903272868
WAN008EJ4_at,3.662554839
WAN008EJ7_at,8.772258487
WAN008EJ8_at,6.745313956
WAN008EJG_at,6.139844684
WAN008EJI_at,3.323236908
WAN008EJJ_at,6.139106793
WAN008EJK_at,5.975570485
WAN008EJL_at,4.769123947
WAN008EJQ_at,2.913542751
WAN008EJR_at,3.333419218
WAN008EJS_at,4.209042334
WAN008EJU_at,5.386233922
WAN008EJV_at,4.536520428
WAN008EJY_at,4.625180081
WAN008EK0_at,4.907273401
WAN008EK1_at,4.782854675
WAN008EK5_at,4.989893032
WAN008EK5-rc_f_at,7.334884699
WAN008EK5-rc_x_at,4.294486837
WAN008EK6_at,6.319879497
WAN008EK9_at,4.191154272
WAN008EKA_f_at,10.90216798
WAN008EKC_at,3.47568495
WAN008EKD-rc_at,4.454802557
WAN008EKE_at,5.062799805
WAN008EKF_at,5.666044847
WAN008EKG_at,4.132407161
WAN008EKH_at,5.587109081
WAN008EKI_at,4.210240441
WAN008EKJ_at,5.922949824
WAN008EKK_at,3.56583551
WAN008EKL_at,5.149141614
WAN008EKM_at,8.239647035
WAN008EKP_at,7.655255996
WAN008EKQ_at,7.130308023
WAN008EKR_at,5.740534288
WAN008EKT_x_at,3.910521507
WAN008EKU_at,7.061984523
WAN008EKV_at,5.543349185
WAN008EKW_at,5.228216415
WAN008EKZ_at,5.995699706
WAN008EL0_at,3.426867192
WAN008EL1_f_at,3.432857004
WAN008EL2_at,2.591389716
WAN008EL3_at,7.534062388
WAN008EL4_at,3.938918291
WAN008EL5_at,4.925133344
WAN008EL6_at,6.103324311
WAN008EL7_x_at,8.234871505
WAN008EL9_at,9.935797487
WAN008ELA_at,3.63050666
WAN008ELB_x_at,3.392334457
WAN008ELE_at,7.289514481
WAN008ELH_at,8.044945526
WAN008ELK_at,5.014576796
WAN008ELM_at,4.749112016
WAN008ELQ_at,4.727663223
WAN008ELS_at,3.64763738
WAN008ELV_at,3.738881447
WAN008ELW_f_at,5.120709168
WAN008ELX_at,3.429321174
WAN008ELY_at,5.087577114
WAN008ELZ_at,4.246729003
WAN008EM4_at,4.629254664
WAN008EM7_x_at,7.116055016
WAN008EMC_at,5.501338889
WAN008EMD_at,6.094547773
WAN008EME_at,4.859540189
WAN008EMG_at,7.537360846
WAN008EMH_at,3.595254294
WAN008EMI_at,5.42688715
WAN008EMJ_at,4.873624436
WAN008EMK_at,6.261772706
WAN008EML_at,5.224469115
WAN008EMM_at,3.882213903
WAN008EMN_at,4.833612233
WAN008EMO_at,6.383991761
WAN008EMP_at,7.53122688
WAN008EMQ_at,5.524579495
WAN008EMR_x_at,5.701491022
WAN008EMT_x_at,5.119974875
WAN008EMW_at,5.31509247
WAN008EMY_at,3.756036551
WAN008EN3_at,5.663181296
WAN008EN4_at,3.73723032
WAN008EN6_at,4.780796151
WAN008ENB-rc_at,3.993654092
WAN008END_at,6.042742474
WAN008ENH_at,6.876759546
WAN008ENK_at,6.562226584
WAN008ENL_at,3.617459842
WAN008ENO_at,3.814711243
WAN008ENQ_at,3.007661911
WAN008ENS_at,7.018868122
WAN008ENU_at,4.181137846
WAN008ENU-rc_at,5.302088178
WAN008ENW_at,8.897674689
WAN008ENZ_at,5.999767375
WAN008EO1_at,6.665230833
WAN008EO2_at,6.966346143
WAN008EO4_at,3.914057055
WAN008EO6_x_at,3.395765401
WAN008EO7_at,4.77221992
WAN008EO8_at,5.367202497
WAN008EOA_x_at,4.901409129
WAN008EOB_at,4.088624895
WAN008EOD_at,5.352992923
WAN008EOG_at,5.278296027
WAN008EOI_at,3.293875593
WAN008EOL_at,3.725000156
WAN008EOM_x_at,5.607157128
WAN008EON_at,6.506104032
WAN008EOP_at,5.958610946
WAN008EOQ_at,9.813676108
WAN008EOR_x_at,3.59608486
WAN008EOS_at,7.60687721
WAN008EOU_at,3.309993906
WAN008EOX_x_at,6.558986654
WAN008EOY_at,6.812984855
WAN008EOZ_at,5.65973867
WAN008EP0_at,4.311597831
WAN008EP5_at,7.096459249
WAN008EP7_x_at,1.947498183
WAN008EP8_at,6.061121304
WAN008EP9_at,4.571597468
WAN008EPA_at,3.535216039
WAN008EPC_at,6.814540027
WAN008EPD_at,5.136356287
WAN008EPE_at,5.249078288
WAN008EPF_at,8.22310892
WAN008EPH_at,6.363273088
WAN008EPL_at,3.173715865
WAN008EPM_at,4.925017407
WAN008EPN_at,6.593755038
WAN008EPP_at,4.109352288
WAN008EPQ_x_at,6.949545423
WAN008EPR_at,4.960653092
WAN008EPT_at,4.795010413
WAN008EPV_at,4.016399572
WAN008EPW_at,4.459047827
WAN008EPX_at,5.698816771
WAN008EQ0_at,5.802792731
WAN008EQ4_at,4.913588675
WAN008EQ6_x_at,4.788186918
WAN008EQ7_at,6.169047241
WAN008EQA-rc_x_at,5.050091096
WAN008EQD_at,5.081280088
WAN008EQE_x_at,6.326488738
WAN008EQG_at,5.070508826
WAN008EQH_at,5.81738577
WAN008EQJ_at,5.86260728
WAN008EQL_at,4.82009636
WAN008EQM_at,3.572570942
WAN008EQM-rc_at,5.701165461
WAN008EQO_at,8.312993574
WAN008EQP_at,4.814270792
WAN008EQR_x_at,4.86421411
WAN008EQU_at,8.30763664
WAN008EQZ_at,5.247333888
WAN008ER2_at,3.68659841
WAN008ER4_at,5.663747123
WAN008ER5_at,3.488482031
WAN008ER7_x_at,3.020445746
WAN008ERA_at,6.30538519
WAN008ERB_at,9.054643895
WAN008ERE_x_at,4.758122243
WAN008ERF_at,6.325775509
WAN008ERI_at,5.161364422
WAN008ERJ_s_at,7.338215437
WAN008ERJ_x_at,6.382407929
WAN008ERL_at,7.885763856
WAN008ERN_at,5.668672295
WAN008ERO_at,5.870244015
WAN008ERP_at,3.6746175
WAN008ERQ_at,4.443540528
WAN008ERS_at,4.220772123
WAN008ERV_at,5.894361229
WAN008ERW_at,3.922518711
WAN008ERZ_at,6.916487797
WAN008ES1_at,5.176066444
WAN008ES3_at,7.789691837
WAN008ES4_at,9.765351462
WAN008ES5_at,7.317039504
WAN008ES6_at,5.30654765
WAN008ES7_at,5.284367765
WAN008ES9_at,4.973544367
WAN008ESA_at,3.53378384
WAN008ESB_at,5.45812834
WAN008ESE_at,4.951592252
WAN008ESH_at,6.797832877
WAN008ESK_at,4.122431021
WAN008ESL_at,5.198583974
WAN008ESM_at,5.836291475
WAN008ESN_at,5.690867813
WAN008ESO_at,6.065181412
WAN008ESQ_x_at,5.668163812
WAN008ESR_at,3.874984067
WAN008ESS_at,7.926679929
WAN008ESV_at,4.380884566
WAN008ESW_at,6.09916045
WAN008ESZ_at,5.256658758
WAN008ET0_at,7.323453943
WAN008ET1_x_at,6.360459322
WAN008ET2_at,7.746441846
WAN008ET3_at,5.975444362
WAN008ET4_at,5.630479886
WAN008ET5_at,6.505652271
WAN008ET7_x_at,3.195698256
WAN008ET8_at,6.40208383
WAN008ET9_at,3.378283212
WAN008ETA_at,5.469617723
WAN008ETC_x_at,2.822828215
WAN008ETD_at,7.295167344
WAN008ETE_x_at,3.454964041
WAN008ETF_at,6.007358227
WAN008ETG_at,4.782777804
WAN008ETH_at,4.63267366
WAN008ETK_at,4.329074612
WAN008ETL_x_at,6.395782525
WAN008ETM_at,3.503397042
WAN008ETP_at,5.693726856
WAN008ETQ_x_at,6.930155389
WAN008ETR_at,2.72236354
WAN008ETT_at,5.343075625
WAN008ETV_at,5.299097736
WAN008EU3_at,5.0987174
WAN008EU5_at,3.551914393
WAN008EU7_at,4.962271985
WAN008EU9_at,5.10975192
WAN008EUA_at,4.277304571
WAN008EUB_at,6.216725287
WAN008EUD_at,4.87915207
WAN008EUE_at,3.585747674
WAN008EUF_at,5.635314815
WAN008EUG_at,4.399573389
WAN008EUH_x_at,6.256909647
WAN008EUI_at,3.191745264
WAN008EUJ_x_at,2.127609943
WAN008EUK_x_at,8.350066592
WAN008EUL_at,4.871437069
WAN008EUM_at,3.095961785
WAN008EUO_at,7.126865924
WAN008EUP_at,5.856479862
WAN008EUQ_at,5.107066025
WAN008EUR_x_at,4.055905308
WAN008EUS_x_at,5.266731362
WAN008EUT_at,6.698097054
WAN008EUV_x_at,7.553443564
WAN008EUY_x_at,5.21664892
WAN008EUZ_x_at,6.956700422
WAN008EV0_x_at,4.495919664
WAN008EV1_x_at,2.444749014
WAN008EV3_at,3.827228427
WAN008EV7_at,6.057214382
WAN008EV8_at,6.387815007
WAN008EV9_x_at,7.502722565
WAN008EVC_at,4.524168404
WAN008EVD_at,5.955215685
WAN008EVF_at,7.416441527
WAN008EVH_x_at,6.62019577
WAN008EVI-rc_at,4.341846304
WAN008EVJ_at,6.189627628
WAN008EVL_at,4.690479742
WAN008EVO_x_at,4.399713016
WAN008EVQ_at,3.72173557
WAN008EVU_f_at,5.857146602
WAN008EVU_x_at,2.553489149
WAN008EVY_at,5.912782917
WAN008EW0_x_at,3.151263568
WAN008EW2_at,4.854742476
WAN008EW6_at,6.594087758
WAN008EWA_at,7.651877464
WAN008EWC_x_at,2.408788021
WAN008EWG_at,5.161283222
WAN008EWM_at,5.835285981
WAN008EWS_at,4.583078979
WAN008EWU_at,2.941828336
WAN008EWW_at,5.208187613
WAN008EWY_at,4.675709424
WAN008EX0_at,5.001553199
WAN008EX2_x_at,7.366969808
WAN008EX6_at,6.527245634
WAN008EX7_at,7.886991859
WAN008EX9_at,3.771082485
WAN008EXB_at,4.427801956
WAN008EXC_at,7.762101878
WAN008EXF_at,3.595891658
WAN008EXG_at,4.224867388
WAN008EXI_at,6.555773596
WAN008EXJ_x_at,1.878907161
WAN008EXK_x_at,8.036888108
WAN008EXL_at,4.181933696
WAN008EXM_x_at,4.201870849
WAN008EXP_at,5.081947898
WAN008EXR_at,5.683714592
WAN008EXS_at,4.963706273
WAN008EXT_x_at,5.022966125
WAN008EXU_x_at,3.867974999
WAN008EXW_at,4.63196434
WAN008EXX_at,7.939098149
WAN008EXZ_at,4.860285382
WAN008EY0_at,4.187486642
WAN008EY3_at,5.111128346
WAN008EY4_at,4.38033
WAN008EY9_at,3.956958967
WAN008EYA_at,6.354902685
WAN008EYB_at,5.443444665
WAN008EYG_f_at,5.94697925
WAN008EYH_at,4.840773218
WAN008EYI_at,7.409178164
WAN008EYJ_at,6.086109654
WAN008EYO_at,5.156583538
WAN008EYR_at,4.865546861
WAN008EYS_x_at,5.334081611
WAN008EYT_at,7.188789691
WAN008EYV_at,4.711353785
WAN008EYY_at,3.991253677
WAN008EZ0_at,6.485745058
WAN008EZ1_at,4.842674231
WAN008EZ3_at,5.004137467
WAN008EZ4_at,5.054830834
WAN008EZ6_at,3.190442923
WAN008EZ6-rc_at,4.333183473
WAN008EZ7_at,3.903595684
WAN008EZA_at,5.224304534
WAN008EZB_at,3.006377618
WAN008EZD_at,2.870397458
WAN008EZF_at,7.588283215
WAN008EZG_at,5.343090268
WAN008EZJ_at,7.701857005
WAN008EZL_at,4.863273182
WAN008EZM_at,4.400474795
WAN008EZN_at,4.891418553
WAN008EZO_at,5.075940325
WAN008EZR_at,4.123814191
WAN008EZS_at,4.543740219
WAN008EZV_at,4.920006773
WAN008EZY_at,3.917219364
WAN008F01_at,3.705116936
WAN008F02_at,5.803660529
WAN008F03_at,4.210372297
WAN008F04_at,3.952901621
WAN008F05_at,4.673180735
WAN008F06_at,3.003978659
WAN008F08_at,6.015899402
WAN008F0A_f_at,7.563648408
WAN008F0D_at,4.568312428
WAN008F0F_at,6.559207506
WAN008F0K_at,5.36147706
WAN008F0L_at,4.284838641
WAN008F0M_at,3.592653095
WAN008F0O_at,5.52041774
WAN008F0P_at,3.497026465
WAN008F0R_at,4.591910011
WAN008F0T_at,3.816282819
WAN008F0V_at,3.74002601
WAN008F0Y_at,4.553518796
WAN008F10_at,5.077452552
WAN008F11_at,5.899887369
WAN008F12_at,4.705428844
WAN008F18_at,4.374883603
WAN008F19_at,3.082741748
WAN008F1A_at,9.046846404
WAN008F1C_f_at,4.236823254
WAN008F1C_x_at,3.10377155
WAN008F1F_at,3.94959449
WAN008F1G_at,6.538791513
WAN008F1H_x_at,2.460365526
WAN008F1I_at,4.880816055
WAN008F1J_at,4.364265329
WAN008F1L_at,5.33365902
WAN008F1M_at,5.267976938
WAN008F1N_at,3.471026065
WAN008F1O_at,3.98621469
WAN008F1P_x_at,5.371678551
WAN008F1R_at,4.215714579
WAN008F1S_at,6.878401126
WAN008F1U_x_at,4.20693714
WAN008F1W_x_at,7.171297
WAN008F20_x_at,3.524181678
WAN008F22_x_at,5.499666968
WAN008F23_x_at,5.021058076
WAN008F26_x_at,4.843874771
WAN008F2B_x_at,4.513095533
WAN008F2D_at,4.750913949
WAN008F2E_x_at,2.796353166
WAN008F2H_f_at,6.360256224
WAN008F2I_x_at,2.590888873
WAN008F2K_at,3.529130254
WAN008F2N_x_at,2.328099099
WAN008F2S_at,3.588720353
WAN008F2T_x_at,6.112920985
WAN008F2V_x_at,5.18729362
WAN008F2Z_at,5.069089799
WAN008F30_f_at,10.0255448
WAN008F32_at,6.222187305
WAN008F33_at,4.463150153
WAN008F34_x_at,2.838191376
WAN008F37_x_at,9.592612494
WAN008F3A_at,4.897395511
WAN00OGTM_f_at,5.526966124
WAN00OGTM_x_at,8.509315208
WAN013HTZ_at,5.119950503
WAN013HU0_at,4.573107894
WAN013HU1_at,5.308496937
WAN013HU2_at,3.686858794
WAN013HU3_at,5.160040202
WAN013HU4_at,6.628416726
WAN013HU5_at,4.259697871
WAN013HU6_at,4.864915722
WAN013HU7_f_at,3.915164004
WAN013HU7_x_at,3.017588164
WAN013HU8_at,5.330581847
WAN013HU9_at,3.983344621
WAN013HUA_at,4.563162633
WAN013HUB_at,6.407660652
WAN013HUC_at,9.296387639
WAN013HUD_at,3.150216464
WAN013HUE_at,6.210673722
WAN013HUF_at,4.542442935
WAN013HUG_at,5.814053256
WAN013HUH_at,6.966661751
WAN013HUI_at,8.443883583
WAN013HUJ_at,7.585777124
WAN013HUK_at,4.234916371
WAN013HUL_at,5.397527628
WAN013HUM_at,6.517940496
WAN013HUN_x_at,8.746905135
WAN013HUO_at,7.602988993
WAN013HUP_at,3.872376072
WAN013HUQ_x_at,5.034658605
WAN013HUR_at,4.163437622
WAN013HUS_at,4.456637167
WAN013HUT_at,4.503664416
WAN013HUU_at,4.22711367
WAN013HUV_at,5.877893696
WAN013HUW_at,8.822793213
WAN013HUX_at,6.407697731
WAN013HUY_at,3.472916258
WAN013HUZ_at,4.529239418
WAN013HV0_at,6.166501009
WAN013HV1_at,11.21978345
WAN013HV2_at,6.150843051
WAN013HV3_at,10.05604676
WAN013HV4_at,6.842548406
WAN013HV5_at,5.049633214
WAN013HV6_x_at,6.840835538
WAN013HV7_x_at,6.70116525
WAN013HV8_x_at,9.370958596
WAN013HV9_x_at,4.126633428
WAN013HVA_f_at,8.007257441
WAN013HVA_x_at,6.116261933
WAN013HVB_at,5.15402725
WAN013HVC_at,10.0524392
WAN013HVD_at,7.982197204
WAN013HVE_at,6.040885329
WAN013HVF_at,5.919461761
WAN013HVG_x_at,5.741901744
WAN013HVH_at,6.465646736
WAN013HVI_at,5.201105823
WAN013HVJ_at,6.18247983
WAN013HVK_at,6.982033611
WAN013HVL_at,6.349001477
WAN013HVM_at,5.157359581
WAN013HVN_at,4.958089179
WAN013HVO_at,9.479111556
WAN013HVP_at,5.058448777
WAN013HVQ_f_at,9.948966381
WAN013HVQ_x_at,9.32078733
WAN013HVR_at,8.904858578
WAN013HVS_at,10.27185666
WAN013HVT_at,8.593952059
WAN013HVU_at,9.009712288
WAN013HVV_at,7.451962781
WAN013HVW_at,6.236398341
WAN013HVX_at,7.170105839
WAN013HVY_at,9.698392572
WAN013HVZ_at,7.410462091
WAN013HW0_x_at,8.94310142
WAN013HW1_at,8.586065291
WAN013HW2_at,5.851365417
WAN013HW3_at,8.874497948
WAN013HW4_at,6.138563673
WAN013HW5_at,9.313118857
WAN013HW6_at,8.644643408
WAN013HW7_at,6.521128579
WAN013HW8_at,4.971370854
WAN013HW9_at,8.246490254
WAN013HWA_at,6.850529382
WAN013HWB_at,5.244239406
WAN013HWC_x_at,9.790977623
WAN013HWD_at,5.149822305
WAN013HWE_at,6.706617214
WAN013HWF_at,9.651348463
WAN013HWG_at,7.387393405
WAN013HWH_x_at,3.371312436
WAN013HWI_at,4.519822428
WAN013HWJ_at,7.131868576
WAN013HWK_at,6.025131281
WAN013HWL_at,7.604281969
WAN013HWM_at,6.225379859
WAN013HWN_at,4.486318257
WAN013HWO_x_at,10.63179642
WAN013HWP_x_at,4.630371676
WAN013HWQ_x_at,4.451805864
WAN013HWR_at,10.33250496
WAN013HWS_at,7.086230839
WAN013HWT_x_at,2.786351996
WAN013HWU_at,7.398084367
WAN013HWV_at,6.87314922
WAN013HWW_at,8.530875769
WAN013HWX_at,6.658864229
WAN013HWY_at,4.859587296
WAN013HWZ_at,7.709617094
WAN013HX0_at,4.766092611
WAN013HX1_at,7.30284946
WAN013HX2_f_at,9.561271977
WAN013HX2_x_at,10.75622565
WAN013HX3_at,4.298355309
WAN013HX4_at,7.214979679
WAN013HX5_at,9.711436657
WAN013HX6_at,4.869244593
WAN013HX7_at,7.797512517
WAN013HX8_f_at,5.593124026
WAN013HX8_x_at,4.754566738
WAN013HX9_at,8.592042252
WAN013HXA_at,10.159619
WAN013HXB_at,7.313191946
WAN013HXC_at,7.592842512
WAN013HXD_at,4.806798181
WAN013HXE_at,8.350517049
WAN013HXF_at,10.40854199
WAN013HXG_at,8.36552603
WAN013HXH_at,5.737175019
WAN013HXI_at,7.077742161
WAN013HXJ_at,11.2325032
WAN013HXK_at,7.387750467
WAN013HXL_at,6.642060509
WAN013HXM_at,6.37779118
WAN013HXN_at,6.565759407
WAN013HXO_at,5.951000598
WAN013HXP_at,3.636492421
WAN013HXQ_at,8.256673585
WAN013HXR_x_at,5.322899401
WAN013HXS_at,5.152645993
WAN013HXT_at,3.156306554
WAN013HXU_at,8.268399363
WAN013HXV_at,7.349035504
WAN013HXW_at,4.345678659
WAN013HXX_x_at,11.57258632
WAN013HXY_at,6.909740581
WAN013HXZ_x_at,5.371621127
WAN013HY0_at,7.049603802
WAN013HY1_at,6.640622045
WAN013HY2_at,7.600516506
WAN013HY3_x_at,9.159988328
WAN013HY4_at,11.98997426
WAN013HY5_at,4.803742601
WAN013HY6_at,6.114419427
WAN013HY7_at,6.504167245
WAN013HY8_at,6.546429035
WAN013HY9_at,4.222263379
WAN013HYA_at,8.833030007
WAN013HYB_at,9.161926237
WAN013HYC_at,3.924916499
WAN013HYD_at,6.98984575
WAN013HYE_at,5.744464944
WAN013HYF_at,6.514130473
WAN013HYG_x_at,6.195237021
WAN013HYH_x_at,3.892934727
WAN013HYI_at,3.531445716
WAN013HYJ_at,7.516071138
WAN013HYK_at,7.674529899
WAN013HYL_at,5.83224249
WAN013HYM_at,5.499239347
WAN013HYN_at,4.203290942
WAN013HYO_at,11.01679435
WAN013HYP_at,6.037068143
WAN013HYQ_at,4.025332054
WAN013HYR_at,8.06846423
WAN013HYS_at,5.008939251
WAN013HYT_at,4.679412124
WAN013HYU_at,4.407110968
WAN013HYV_at,8.781295172
WAN013HYW_at,7.336325535
WAN013HYX_at,7.895719769
WAN013HYY_at,5.336846346
WAN013HYZ_at,3.814235582
WAN013HZ0_at,3.793866806
WAN013HZ1_at,10.38952342
WAN013HZ2_at,5.199120547
WAN013HZ3_at,4.329690696
WAN013HZ4_at,3.300882051
WAN013HZ5_at,7.773219209
WAN013HZ6_at,6.305311705
WAN013HZ7_at,5.302288892
WAN013HZ8_at,4.337170123
WAN013HZ9_at,3.854285923
WAN013HZA_at,6.97198122
WAN013HZB_at,4.262764282
WAN013HZC_at,4.039160869
WAN013HZD_at,7.367823306
WAN013HZE_at,6.289492952
WAN013HZF_at,8.173141082
WAN013HZG_at,3.415939137
WAN013HZH_at,6.272648578
WAN013HZI_at,5.632699949
WAN013HZJ_at,5.073824005
WAN013HZK_at,11.43444027
WAN013HZL_at,5.344567769
WAN013HZM_f_at,7.938888686
WAN013HZN_at,4.158949697
WAN013HZO_at,9.916197108
WAN013HZP_at,9.542930423
WAN013HZQ_at,6.678599602
WAN013HZR_at,8.767385347
WAN013HZS_at,3.254625564
WAN013HZT_at,5.689411635
WAN013HZU_at,8.815135235
WAN013HZV_at,8.148824571
WAN013HZW_at,4.807445923
WAN013HZX_at,7.797542498
WAN013HZY_at,4.876029189
WAN013HZZ_x_at,8.392555493
WAN013I00_at,7.670739224
WAN013I01_at,7.376775486
WAN013I02_at,8.466034628
WAN013I03_at,10.91151826
WAN013I04_at,9.086009038
WAN013I05_at,5.344207173
WAN013I06_at,10.55092558
WAN013I07_at,5.847145016
WAN013I08_at,6.070693394
WAN013I09_at,7.349892119
WAN013I0A_x_at,4.637099996
WAN013I0B_at,3.753172262
WAN013I0C_at,6.663034673
WAN013I0D_at,4.858539012
WAN013I0E_at,7.552391539
WAN013I0F_at,10.13503772
WAN013I0G_at,8.845949013
WAN013I0H_at,3.846807309
WAN013I0I_at,5.590009722
WAN013I0J_at,6.547768272
WAN013I0K_at,6.805220267
WAN013I0L_at,6.18242618
WAN013I0M_at,4.075757406
WAN013I0N_at,6.482136219
WAN013I0O_at,7.042661162
WAN013I0P_at,8.699113731
WAN013I0Q_at,8.193281553
WAN013I0R_at,4.185413256
WAN013I0S_at,3.197809706
WAN013I0T_at,3.814059908
WAN013I0U_at,6.570313538
WAN013I0V_at,8.088065181
WAN013I0W_at,7.057824689
WAN013I0X_at,6.486612504
WAN013I0Y_at,7.158977732
WAN013I0Z_at,6.985217079
WAN013I10_at,4.481328414
WAN013I11_at,3.706194881
WAN013I12_at,5.534320101
WAN013I13_at,4.536318607
WAN013I14_at,12.4419381
WAN013I15_at,7.3540812
WAN013I16_at,4.24816226
WAN013I17_at,6.239580175
WAN013I18_at,7.750235101
WAN013I19_at,7.083196387
WAN013I1A_at,5.756596532
WAN013I1B_at,7.485978147
WAN013I1C_at,5.208085037
WAN013I1D_x_at,4.586555098
WAN013I1E_at,10.3603279
WAN013I1F_at,9.210073188
WAN013I1G_at,6.116070727
WAN013I1H_at,5.21699831
WAN013I1I_at,8.156011303
WAN013I1J_at,4.361125352
WAN013I1K_at,4.119023582
WAN013I1L_at,4.509999896
WAN013I1M_at,3.992070227
WAN013I1N_at,7.013950297
WAN013I1O_at,7.130859443
WAN013I1P_at,6.964440995
WAN013I1Q_at,7.58913278
WAN013I1R_at,9.905272685
WAN013I1S_x_at,5.63972269
WAN013I1T_x_at,7.674420956
WAN013I1U_x_at,8.504210897
WAN013I1V_at,11.92206197
WAN013I1W_at,8.620692247
WAN013I1X_at,8.332918879
WAN013I1Y_at,9.74970333
WAN013I1Z_f_at,9.652829878
WAN013I20_x_at,5.812319519
WAN013I21_at,7.796548535
WAN013I22_at,10.68628166
WAN013I23_at,8.782542969
WAN013I24_at,8.227795861
WAN013I25_at,6.205236479
WAN013I26_at,7.050273311
WAN013I27_at,8.152462489
WAN013I28_at,4.175923042
WAN013I29_at,5.346816416
WAN013I2A_at,9.621194033
WAN013I2B_at,2.623364562
WAN013I2C_at,8.802078883
WAN013I2D_at,4.258750183
WAN013I2E_at,3.453251415
WAN013I2F_at,6.434191322
WAN013I2G_at,4.244827193
WAN013I2H_at,5.4793641
WAN013I2I_at,4.031185777
WAN013I2J_x_at,2.143489873
WAN013I2K_at,4.235539375
WAN013I2L_at,6.55119697
WAN013I2M_at,3.297138078
WAN013I2N_at,5.190590013
WAN013I2O_x_at,3.889897535
WAN013I2P_at,11.00688384
WAN013I2Q_at,7.106578275
WAN013I2R_at,5.501074608
WAN013I2S_at,5.903591547
WAN013I2T_at,6.077477
WAN013I2U_at,6.259288983
WAN013I2V_at,7.15778884
WAN013I2W_at,3.999159448
WAN013I2X_at,4.321269182
WAN013I2Y_at,5.218245715
WAN013I2Z_at,5.878822896
WAN013I30_at,8.53716495
WAN013I31_at,6.116974488
WAN013I32_x_at,3.440264311
WAN013I33_at,6.646730416
WAN013I34_at,3.414285481
WAN013I35_at,3.320175973
WAN013I36_f_at,6.059116671
WAN013I37_at,4.179799017
WAN013I38_at,8.787706613
WAN013I39_at,6.758452282
WAN013I3A_at,5.453318869
WAN013I3B_at,6.08191345
WAN013I3C_at,6.405372102
WAN013I3D_at,3.052921555
WAN013I3E_x_at,4.121558495
WAN013I3F_at,7.030700304
WAN013I3G_at,6.103586845
WAN013I3H_at,11.03664652
WAN013I3I_x_at,3.652256141
WAN013I3J_at,6.975392056
WAN013I3K_at,6.106171212
WAN013I3L_at,6.977153776
WAN013I3M_at,6.580939497
WAN013I3N_at,8.957161925
WAN013I3O_at,6.050862488
WAN013I3P_at,5.784019227
WAN013I3Q_at,10.21675355
WAN013I3R_at,5.227765167
WAN013I3S_at,10.74764424
WAN013I3T_at,10.46419299
WAN013I3U_at,10.24802759
WAN013I3V_at,9.020968243
WAN013I3W_x_at,5.981984068
WAN013I3X_at,5.826276247
WAN013I3Y_at,6.509880932
WAN013I3Z_at,9.366203602
WAN013I40_at,11.27718111
WAN013I41_x_at,11.35222249
WAN013I42_at,9.743795481
WAN013I43_at,10.44089957
WAN013I44_at,5.172027619
WAN013I45_at,3.313463227
WAN013I46_at,5.113750908
WAN013I47_at,4.191190425
WAN013I48_at,4.626145263
WAN013I49_x_at,4.542796319
WAN013I4A_at,5.640120903
WAN013I4B_at,4.487847883
WAN013I4C_at,5.168165885
WAN013I4D_at,6.160384798
WAN013I4E_at,4.014011273
WAN013I4F_at,4.330760996
WAN013I4G_at,5.589369526
WAN013I4H_x_at,5.760791709
WAN013I4J_x_at,4.654434231
WAN013I4K_x_at,4.398591055
WAN013I4L_at,4.964937474
WAN013I4M_at,4.52274159
WAN013I4N_x_at,3.849707941
WAN013I4O_at,4.640653264
WAN013I4P_at,5.418635015
WAN013I4Q_at,6.28661543
WAN013I4R_at,5.123836604
WAN013I4S_at,3.416325676
WAN013I4T_at,4.607861256
WAN013I4U_at,6.286557903
WAN013I4V_at,4.804314211
WAN013I4X_at,5.956485701
WAN013I4Y_at,4.415782508
WAN013I4Z_at,5.403168745
WAN013I50_at,3.832568461
WAN013I51_at,6.647960209
WAN013I52_at,6.248914031
WAN013I53_f_at,5.005409363
WAN013I53_x_at,6.900789343
WAN013I54_at,4.984005332
WAN013I55_at,3.408390516
WAN013I56_x_at,5.121954603
WAN013I57_at,4.972772031
WAN013I58_at,5.485858783
WAN013I59_at,5.417287126
WAN013I5A_at,5.754955071
WAN013I5B_at,5.655773741
WAN013I5C_x_at,5.155846597
WAN013I5D_at,4.58306038
WAN013I5E_at,5.793055627
WAN013I5F_at,3.582666311
WAN013I5G_at,3.775772719
WAN013I5H_at,4.955213202
WAN013I5I_x_at,5.043739895
WAN013I5J_f_at,9.600479756
WAN013I5K_x_at,2.091853567
WAN013I5L_x_at,4.697085388
WAN013I5M_at,4.617259055
WAN013I5N_at,4.581001812
WAN013I5O_at,4.465273564
WAN013I5P_at,3.312543848
WAN013I5S_x_at,4.440907303
WAN013I5T_at,5.59732663
WAN013I5U_at,6.063534317
WAN013I5V_at,10.16070654
WAN013I5W_at,4.749030359
WAN013I5X_at,5.97584036
WAN013I5Z_x_at,6.116207826
WAN013I60_at,5.010948217
WAN013I61_at,4.493088152
WAN013I62_at,5.469138611
WAN013I63_at,6.682732858
WAN013I65_at,5.21204732
WAN013I66_f_at,10.51534036
WAN013I68_at,5.994405233
WAN013I69_at,3.876834285
WAN013I6A_at,10.90956188
WAN013I6B_at,3.783059576
WAN013I6C_at,6.071040029
WAN013I6D_at,6.390474295
WAN013I6E_x_at,10.22876864
WAN013I6F_at,5.410275619
WAN013I6G_at,9.776620878
WAN013I6H_at,5.050640828
WAN013I6I_at,4.736476771
WAN013I6J_s_at,5.897619578
WAN013I6K_x_at,4.809415767
WAN013I6L_at,4.679547643
WAN013I6M_at,4.674014207
WAN013I6N_at,9.327453005
WAN013I6N_g_at,10.1339609
WAN013I6P_f_at,4.618959763
WAN013I6P_x_at,2.535291041
WAN013I6Q_at,4.989021354
WAN013I6S_at,3.189699407
WAN013I6T_at,5.804656892
WAN013I6U_f_at,3.777586023
WAN013I6U_x_at,2.729716056
WAN013I6V_at,4.902610461
WAN013I6W_at,5.789846033
WAN013I6X_at,4.926017142
WAN013I6Y_at,6.06873138
WAN013I6Z_at,3.417069462
WAN013I70_at,4.932577111
WAN013I71_at,5.298343841
WAN013I73_at,5.198151395
WAN013I74_at,5.452774375
WAN013I75_f_at,5.254869745
WAN013I75_x_at,4.847605841
WAN013I76_at,5.953326149
WAN013I77_at,2.879674854
WAN013I78_at,4.207254478
WAN013I79_at,5.588574999
WAN013I7A_at,3.237690937
WAN013I7B_f_at,2.673160134
WAN013I7B_x_at,2.199198147
WAN013I7C_f_at,2.508030725
WAN013I7D_f_at,4.59951654
WAN013I7D_x_at,4.076708622
WAN013I7E_s_at,3.743470186
WAN013I7E_x_at,4.04067233
WAN013I7F_x_at,3.886831056
WAN013I7G_x_at,3.674993487
WAN013I7H_x_at,5.095743406
WAN013I7I_at,3.92951036
WAN013I7J_x_at,2.989397012
WAN013I7K_x_at,3.088559714
WAN013I7L_at,3.454259502
WAN013I7M_at,4.113562389
WAN013I7N_x_at,2.648971149
WAN013I7O_at,5.685157382
WAN013I7P_at,4.933298585
WAN013I7Q_at,4.519899674
WAN013I7R_at,6.488805987
WAN013I7S_at,3.681325606
WAN013I7T_at,6.398459931
WAN013I7U_at,4.290779774
WAN013I7V_at,6.035057145
WAN013I7W_at,5.035206359
WAN013I7X_at,3.859926953
WAN013I7Y_at,4.417851485
WAN013I7Z_at,6.717128851
WAN013I80_at,4.998483692
WAN013I81_at,5.478910303
WAN013I82_at,10.9167327
WAN013I83_at,6.741244877
WAN013I84_x_at,7.210918769
WAN013I86_x_at,5.620753428
WAN013I87_at,3.355797756
WAN013I88_at,7.597949557
WAN013I89_at,7.386586272
WAN013I8A_at,6.817023453
WAN013I8B_at,10.25314763
WAN013I8C_at,6.18180725
WAN013I8D_at,6.101430251
WAN013I8E_at,8.055206792
WAN013I8F_at,6.312109635
WAN013I8G_at,7.50310717
WAN013I8H_x_at,7.607912715
WAN013I8I_at,6.212328058
WAN013I8J_at,5.416579789
WAN013I8K_at,10.48019618
WAN013I8L_at,6.759037342
WAN013I8M_at,5.098529316
WAN013I8N_at,6.902026808
WAN013I8O_at,3.46893211
WAN013I8P_at,6.284749419
WAN013I8Q_at,3.11804187
WAN013I8R_at,12.07336411
WAN013I8S_at,4.70398413
WAN013I8T_at,8.448200891
WAN013I8U_at,11.65152376
WAN013I8V_at,7.026625762
WAN013I8W_at,11.37530437
WAN013I8X_at,7.698475557
WAN013I8Y_at,5.973266528
WAN013I8Z_at,8.807681161
WAN013I8Z_g_at,9.316099747
WAN013I90_at,10.62323661
WAN013I91_at,5.395710104
WAN013I92_at,5.78176361
WAN013I93_at,5.400619286
WAN013I94_at,11.28215464
WAN013I95_at,6.254964581
WAN013I96_at,7.641444106
WAN013I97_at,6.788711663
WAN013I98_at,7.062757323
WAN013I99_at,7.060518162
WAN013I9A_at,4.654661156
WAN013I9C_at,8.530646608
WAN013I9D_at,6.634925905
WAN013I9E_at,7.261656798
WAN013I9F_at,5.771140632
WAN013I9G_at,7.267361643
WAN013I9H_at,10.23809491
WAN013I9I_at,11.90012496
WAN013I9J_f_at,10.63530474
WAN013I9K_at,8.789757397
WAN013I9L_x_at,3.66549868
WAN013I9M_f_at,8.731621598
WAN013I9M_x_at,7.598293921
WAN013I9N_at,8.600551668
WAN013I9O_at,7.218195597
WAN013I9P_at,7.925704284
WAN013I9Q_f_at,5.98838903
WAN013I9Q_x_at,4.35708333
WAN013I9R_at,5.267241325
WAN013I9S_at,5.440513356
WAN013I9T_at,7.490461521
WAN013I9U_at,7.634986153
WAN013I9V_at,8.194914624
WAN013I9W_x_at,5.317416064
WAN013I9X_at,5.054043173
WAN013I9Y_at,5.04015826
WAN013I9Z_at,9.293635541
WAN013IA0_at,6.810033104
WAN013IA1_at,4.616158208
WAN013IA2_at,3.690608471
WAN013IA3_f_at,4.61336784
WAN013IA4_at,5.97379457
WAN013IA5_at,5.386966024
WAN013IA6_at,4.583603083
WAN013IA7_x_at,3.206561011
WAN013IA8_at,3.585337489
WAN013IA9_at,3.89573197
WAN013IAA_at,4.028204712
WAN013IAB_f_at,5.370450756
WAN013IAB_x_at,5.596325018
WAN013IAC_at,4.033565496
WAN013IAD_at,5.582940173
WAN013IAE_at,5.211697768
WAN013IAF_x_at,4.650831098
WAN013IAG_at,3.162984388
WAN013IAH_x_at,3.624791441
WAN013IAI-rc_at,4.116293507
WAN013IAJ-rc_x_at,5.496649012
WAN013IAK-rc_at,7.428245147
WAN013IAL-rc_at,6.29091628
WAN013IAM-rc_at,6.247505135
WAN013IAN-rc_at,4.885454713
WAN013IAO-rc_at,3.28146004
WAN013IAP-rc_at,5.108181448
WAN013IAQ-rc_x_at,6.036684074
WAN014IYJ_at,13.07879434
WAN014IYK_at,4.2407842
WAN014IYL_at,4.585282812
WAN014IYM_at,4.346925951
WAN014IYN_f_at,8.263304881
WAN014IYO_at,3.310632334
WAN014IYP_at,5.810679689
WAN014IYQ_at,6.48633569
WAN014IYR_f_at,12.748479
WAN014IYR_x_at,6.00752077
WAN014IYS_f_at,11.63317429
WAN014IYT_at,4.944137422
WAN014IYU_at,5.367547394
WAN014IYV_at,3.00441114
WAN014IYW_at,3.504754505
WAN014IYX_at,2.56901548
WAN014IYY_at,4.881940676
WAN014IYZ_at,5.082822619
WAN014IZ0_at,5.130609838
WAN014IZ1_at,4.275432723
WAN014IZ2_at,3.508371479
WAN014IZ3_at,13.75952149
X02804_at,5.010973989
X02950_at,4.986158171
X02951_at,6.138958888
X03823_at,4.447039324
X03824_x_at,3.577115069
X03826_at,2.893508089
X03827_f_at,7.118451935
X03827_x_at,3.295925422
X03828_at,5.753667362
X03829_at,5.130800226
X03830_at,4.55349161
X04656_at,7.04617197
X05346_at,6.25853038
X05584_at,4.001639095
X06654_at,3.23213968
X07273_at,4.28711348
X07513_at,4.984641144
X07947_at,3.908854996
X13175_f_at,8.895344888
X13997-rc_x_at,4.566426308
X13998_x_at,5.375559844
X14996_at,5.008024025
X15416_f_at,4.354545873
X15416_x_at,5.719094125
X15417_f_at,4.667638369
X15417_x_at,5.081126297
X15418_f_at,3.581078265
X15418_x_at,4.86813085
X15419_f_at,3.994436137
X15419_x_at,4.354056442
X15420_f_at,4.106637696
X15420_x_at,5.427961505
X15465_at,3.614094001
X15465-rc_at,3.503812881
X15652_at,7.418841894
X16160_at,4.249053687
X16819_at,4.430877196
X16820_at,3.462309799
X16822_at,4.376167925
X16823_x_at,5.463899245
X16824_at,4.433304631
X17002_at,5.568414724
X51747_at,9.291104498
X52130_x_at,3.611178942
X53073_x_at,5.991598481
X53074_f_at,4.816650986
X53074_x_at,4.760072305
X53077_x_at,1.897692321
X53078_f_at,6.001782015
X53079_at,5.762901759
X53791_at,3.763125322
X53906_at,4.528509077
X54142_x_at,3.906421075
X56067_at,3.62785323
X56205_at,3.678616042
X56206_at,4.081550402
X56207_at,4.643692288
X57029_at,6.397967555
X57112_at,8.659361626
X61033_at,6.097897102
X61084_at,5.203121387
X61588_at,6.296290726
X62945_at,4.611049457
X63389_at,9.879112704
X63415_at,5.885142991
X63416_at,6.549739553
X63861_at,4.830865161
X64179_x_at,5.132216357
X64313_at,4.122326902
X65081_at,4.97086158
X65238_at,3.630574202
X65592_at,3.24726521
X65593_at,4.851844908
X65594_at,3.621851111
X65595_at,5.45306901
X65596_x_at,3.485016443
X68970_at,4.575548479
X69617_x_at,3.250222651
X75639_at,4.885206681
X75640_at,4.731145604
X75642_at,5.140147319
X75643_at,5.08784172
X75644_at,5.244768266
X75644-rc_at,3.56612606
X75645_at,3.966123521
X75645-rc_at,5.288888035
X77259_at,3.571419014
X77371_at,2.901810697
X78879_at,5.08015554
X79296_at,3.65241973
X79297_f_at,4.818695387
X79864_at,7.004560472
X80662_s_at,3.840215298
X80662_x_at,3.278005002
X81403_at,5.64867663
X81404_at,4.953716454
X81405_at,4.200677889
X81406_at,4.852875593
X81407_at,5.18447329
X81408_at,4.584826513
X81410_at,4.674554682
X82220_at,6.166040153
X83575_at,4.860543418
X83576_at,6.086979752
X87239_at,3.102349156
X87240_at,3.397651265
X90777_at,3.77476595
X94699_at,5.016217449
X94745_at,4.616516089
X95548_at,5.467325562
X96546_at,3.286868353
X96547_at,5.278733163
X96548_at,5.343586145
X96664_at,4.090206288
X98066_at,5.190752609
X99216_x_at,5.828015101
Y00365_at,4.814822605
Y09294_at,5.10171092
Y10542_at,2.775257917
Y11149_at,5.364676112
Y11338_at,3.071114192
Y12074_at,4.588250041
Y12836_at,5.895346182
Y12837_at,5.006172819
Y13765_at,4.321052093
Y14586_at,6.456589419
Z30972_at,6.156443432
Z32810_x_at,4.623816535
Z47807_at,4.979051033
Z66540_at,4.838933445
Z75665_at,3.164988076
Z86071_at,4.470901362
Z86073_at,5.254734254
Z86074_at,4.26186924
Z86075_x_at,3.881552956
Z86076_x_at,2.53020747
Z86078_x_at,5.785343405
Z86079_x_at,3.631715613
Z86084_x_at,1.789590258
Z86085_x_at,2.779035589
Z86086_at,3.099075191
Z86087_x_at,2.735779011
Z86088_x_at,3.602501563